UserID,Age_Group,Income_Level,Primary_Financial_Goal,Risk_Tolerance,Stocks,Bonds,Real Estate,Mutual Funds,ETFs,Cryptocurrency,Recommended_Strategy
1,46-55,High,Short-term Savings,Conservative,7,18,42,21,7,5,Low-Risk Preservation
2,56-65,Medium-High,Retirement,Aggressive,61,15,12,10,0,2,High-Risk Aggressive
3,36-45,Medium,Home Purchase,Moderate-Aggressive,45,9,36,8,1,1,Aggressive Growth
4,56-65,Low,Wealth Accumulation,Moderate-Aggressive,12,57,6,23,0,2,Aggressive Growth
5,56-65,Medium,Home Purchase,Conservative,54,11,24,2,3,6,Low-Risk Preservation
6,26-35,Medium,Home Purchase,Balanced,35,65,0,0,0,0,Balanced Growth
7,36-45,High,Retirement,Moderate-Conservative,34,21,0,37,6,2,Conservative Growth
8,36-45,Medium-High,Retirement,Moderate-Aggressive,41,19,13,2,6,19,Aggressive Growth
9,36-45,Medium-Low,Retirement,Aggressive,49,48,1,2,0,0,High-Risk Aggressive
10,56-65,Medium-High,Retirement,Aggressive,93,1,0,5,0,1,High-Risk Aggressive
11,46-55,Medium-High,Short-term Savings,Balanced,80,7,8,4,1,0,Balanced Growth
12,36-45,Medium,Retirement,Moderate-Aggressive,96,1,1,0,0,2,Aggressive Growth
13,65+,Medium-High,Short-term Savings,Conservative,76,14,2,0,0,8,Low-Risk Preservation
14,56-65,Low,Short-term Savings,Aggressive,96,3,0,1,0,0,High-Risk Aggressive
15,26-35,Medium,Retirement,Balanced,38,37,17,8,0,0,Balanced Growth
16,46-55,Low,Education,Moderate-Aggressive,76,19,5,0,0,0,Aggressive Growth
17,65+,Medium-Low,Wealth Accumulation,Moderate-Aggressive,31,48,17,3,0,1,Aggressive Growth
18,65+,Medium,Home Purchase,Moderate-Aggressive,83,15,0,1,1,0,Aggressive Growth
19,26-35,Medium-Low,Short-term Savings,Moderate-Aggressive,60,24,14,2,0,0,Aggressive Growth
20,46-55,Medium,Wealth Accumulation,Moderate-Aggressive,29,55,8,3,2,3,Aggressive Growth
21,56-65,High,Education,Aggressive,98,1,1,0,0,0,High-Risk Aggressive
22,18-25,Medium-High,Home Purchase,Balanced,35,3,58,0,1,3,Balanced Growth
23,46-55,High,Home Purchase,Moderate-Aggressive,77,10,8,1,0,4,Aggressive Growth
24,26-35,Medium-Low,Short-term Savings,Moderate-Conservative,75,25,0,0,0,0,Conservative Growth
25,65+,Medium-High,Retirement,Moderate-Conservative,59,10,21,8,1,1,Conservative Growth
26,56-65,Medium,Education,Balanced,79,17,3,0,1,0,Balanced Growth
27,46-55,Medium-High,Short-term Savings,Conservative,72,16,2,2,5,3,Low-Risk Preservation
28,18-25,Low,Education,Conservative,36,57,3,3,1,0,Low-Risk Preservation
29,18-25,Medium-High,Retirement,Conservative,36,10,49,1,2,2,Low-Risk Preservation
30,36-45,Low,Retirement,Moderate-Conservative,71,9,20,0,0,0,Conservative Growth
31,36-45,Medium-High,Short-term Savings,Conservative,78,5,10,6,0,1,Low-Risk Preservation
32,26-35,Low,Retirement,Aggressive,62,23,3,2,5,5,High-Risk Aggressive
33,46-55,Medium-Low,Wealth Accumulation,Moderate-Aggressive,86,11,2,1,0,0,Aggressive Growth
34,46-55,High,Home Purchase,Moderate-Conservative,39,27,15,11,2,6,Conservative Growth
35,65+,Medium,Short-term Savings,Balanced,26,70,0,2,1,1,Balanced Growth
36,65+,Medium-High,Education,Balanced,80,14,3,3,0,0,Balanced Growth
37,65+,High,Wealth Accumulation,Moderate-Aggressive,55,6,6,20,5,8,Aggressive Growth
38,36-45,Medium,Short-term Savings,Moderate-Conservative,21,21,57,0,0,1,Conservative Growth
39,46-55,Medium,Retirement,Conservative,65,14,4,9,7,1,Low-Risk Preservation
40,46-55,Low,Retirement,Conservative,31,18,39,12,0,0,Low-Risk Preservation
41,18-25,Medium-Low,Retirement,Aggressive,22,0,8,21,2,47,High-Risk Aggressive
42,36-45,Medium-Low,Retirement,Aggressive,2,39,15,23,3,18,High-Risk Aggressive
43,56-65,High,Education,Conservative,48,22,17,7,5,1,Low-Risk Preservation
44,36-45,Medium-Low,Wealth Accumulation,Balanced,83,12,0,0,5,0,Balanced Growth
45,56-65,Medium-High,Home Purchase,Balanced,66,19,11,2,0,2,Balanced Growth
46,18-25,Medium-Low,Education,Aggressive,44,27,29,0,0,0,High-Risk Aggressive
47,26-35,High,Education,Moderate-Aggressive,17,72,2,9,0,0,Aggressive Growth
48,46-55,Medium-Low,Home Purchase,Conservative,67,6,20,5,2,0,Low-Risk Preservation
49,18-25,Medium-High,Home Purchase,Aggressive,19,13,30,36,0,2,High-Risk Aggressive
50,46-55,Low,Retirement,Aggressive,85,6,0,2,1,6,High-Risk Aggressive
51,65+,High,Education,Conservative,36,36,22,4,1,1,Low-Risk Preservation
52,26-35,Low,Short-term Savings,Conservative,91,7,1,0,1,0,Low-Risk Preservation
53,26-35,Low,Home Purchase,Balanced,37,61,0,1,1,0,Balanced Growth
54,18-25,Low,Home Purchase,Moderate-Aggressive,21,26,3,9,36,5,Aggressive Growth
55,26-35,Medium,Wealth Accumulation,Moderate-Aggressive,40,17,20,9,2,12,Aggressive Growth
56,56-65,Medium,Short-term Savings,Conservative,86,10,2,2,0,0,Low-Risk Preservation
57,26-35,Low,Short-term Savings,Moderate-Conservative,25,65,5,1,4,0,Conservative Growth
58,46-55,High,Home Purchase,Aggressive,77,18,4,1,0,0,High-Risk Aggressive
59,46-55,Medium-High,Retirement,Aggressive,42,44,5,4,2,3,High-Risk Aggressive
60,46-55,Medium-High,Wealth Accumulation,Conservative,87,7,1,2,2,1,Low-Risk Preservation
61,46-55,Medium-Low,Short-term Savings,Moderate-Conservative,75,4,2,6,7,6,Conservative Growth
62,56-65,High,Home Purchase,Balanced,26,58,10,3,3,0,Balanced Growth
63,36-45,Medium,Short-term Savings,Conservative,33,9,15,36,2,5,Low-Risk Preservation
64,65+,Low,Wealth Accumulation,Conservative,50,43,0,0,7,0,Low-Risk Preservation
65,18-25,Medium-Low,Wealth Accumulation,Aggressive,61,10,26,2,1,0,High-Risk Aggressive
66,46-55,Medium-High,Education,Conservative,6,13,41,19,12,9,Low-Risk Preservation
67,26-35,Medium,Home Purchase,Conservative,52,41,1,5,0,1,Low-Risk Preservation
68,46-55,Medium,Wealth Accumulation,Conservative,62,1,2,33,2,0,Low-Risk Preservation
69,26-35,Low,Education,Aggressive,33,30,8,11,1,17,High-Risk Aggressive
70,65+,Medium-High,Education,Balanced,16,58,15,10,1,0,Balanced Growth
71,65+,High,Short-term Savings,Balanced,73,10,12,2,2,1,Balanced Growth
72,65+,Medium,Short-term Savings,Conservative,17,55,27,1,0,0,Low-Risk Preservation
73,26-35,Low,Education,Aggressive,98,0,1,1,0,0,High-Risk Aggressive
74,46-55,High,Short-term Savings,Balanced,35,48,0,4,3,10,Balanced Growth
75,65+,Medium-High,Wealth Accumulation,Balanced,21,67,6,3,0,3,Balanced Growth
76,56-65,Medium,Retirement,Balanced,80,20,0,0,0,0,Balanced Growth
77,26-35,High,Wealth Accumulation,Aggressive,56,12,14,12,5,1,High-Risk Aggressive
78,26-35,High,Education,Aggressive,13,75,7,2,3,0,High-Risk Aggressive
79,46-55,High,Education,Conservative,56,44,0,0,0,0,Low-Risk Preservation
80,26-35,Medium,Wealth Accumulation,Moderate-Aggressive,60,25,15,0,0,0,Aggressive Growth
81,26-35,Medium,Short-term Savings,Balanced,97,0,2,1,0,0,Balanced Growth
82,65+,Medium-Low,Short-term Savings,Moderate-Aggressive,67,33,0,0,0,0,Aggressive Growth
83,46-55,Medium-High,Education,Aggressive,15,79,3,3,0,0,High-Risk Aggressive
84,65+,Low,Home Purchase,Aggressive,33,35,9,10,7,6,High-Risk Aggressive
85,65+,High,Short-term Savings,Aggressive,55,44,1,0,0,0,High-Risk Aggressive
86,46-55,Medium-Low,Wealth Accumulation,Moderate-Aggressive,1,38,23,21,12,5,Aggressive Growth
87,18-25,Low,Short-term Savings,Aggressive,8,2,42,22,5,21,High-Risk Aggressive
88,65+,Medium-Low,Wealth Accumulation,Conservative,44,37,1,17,1,0,Low-Risk Preservation
89,56-65,Medium,Education,Aggressive,10,59,12,17,0,2,High-Risk Aggressive
90,56-65,High,Short-term Savings,Moderate-Conservative,78,2,8,6,4,2,Conservative Growth
91,26-35,Low,Wealth Accumulation,Moderate-Aggressive,54,22,0,3,0,21,Aggressive Growth
92,56-65,Low,Education,Moderate-Conservative,47,17,3,4,26,3,Conservative Growth
93,26-35,Low,Home Purchase,Aggressive,50,14,29,7,0,0,High-Risk Aggressive
94,18-25,Low,Wealth Accumulation,Conservative,33,35,22,10,0,0,Low-Risk Preservation
95,46-55,Low,Home Purchase,Balanced,25,40,32,2,1,0,Balanced Growth
96,46-55,Medium-Low,Home Purchase,Aggressive,26,8,14,46,4,2,High-Risk Aggressive
97,46-55,High,Retirement,Conservative,73,2,10,2,8,5,Low-Risk Preservation
98,56-65,Medium,Short-term Savings,Moderate-Aggressive,50,35,5,5,5,0,Aggressive Growth
99,18-25,Medium,Wealth Accumulation,Moderate-Conservative,23,62,5,5,4,1,Conservative Growth
100,56-65,Medium,Home Purchase,Moderate-Conservative,42,18,9,15,6,10,Conservative Growth
101,56-65,Medium,Retirement,Moderate-Conservative,86,7,0,0,4,3,Conservative Growth
102,18-25,Medium-Low,Education,Moderate-Aggressive,87,8,4,1,0,0,Aggressive Growth
103,18-25,Medium-High,Wealth Accumulation,Conservative,90,8,0,2,0,0,Low-Risk Preservation
104,18-25,High,Home Purchase,Moderate-Aggressive,36,24,12,16,6,6,Aggressive Growth
105,18-25,Low,Short-term Savings,Moderate-Conservative,9,51,37,2,1,0,Conservative Growth
106,46-55,Medium-High,Retirement,Aggressive,70,10,9,5,3,3,High-Risk Aggressive
107,36-45,Medium,Home Purchase,Balanced,84,2,10,1,1,2,Balanced Growth
108,36-45,Medium-High,Short-term Savings,Moderate-Aggressive,83,12,3,2,0,0,Aggressive Growth
109,18-25,High,Home Purchase,Moderate-Aggressive,74,21,2,0,2,1,Aggressive Growth
110,36-45,Low,Wealth Accumulation,Conservative,39,36,23,2,0,0,Low-Risk Preservation
111,36-45,Low,Wealth Accumulation,Conservative,94,6,0,0,0,0,Low-Risk Preservation
112,18-25,High,Wealth Accumulation,Moderate-Aggressive,53,24,16,6,1,0,Aggressive Growth
113,36-45,High,Retirement,Moderate-Conservative,76,23,1,0,0,0,Conservative Growth
114,56-65,Medium,Wealth Accumulation,Balanced,37,9,26,12,0,16,Balanced Growth
115,26-35,Low,Short-term Savings,Conservative,86,12,2,0,0,0,Low-Risk Preservation
116,26-35,Medium-High,Home Purchase,Moderate-Conservative,34,65,0,0,0,1,Conservative Growth
117,18-25,Medium-Low,Education,Aggressive,75,20,4,1,0,0,High-Risk Aggressive
118,46-55,Medium-Low,Short-term Savings,Conservative,14,42,19,16,7,2,Low-Risk Preservation
119,18-25,High,Short-term Savings,Moderate-Conservative,90,7,0,1,0,2,Conservative Growth
120,46-55,Medium,Wealth Accumulation,Moderate-Conservative,26,19,11,44,0,0,Conservative Growth
121,26-35,Medium-Low,Retirement,Balanced,14,45,16,22,0,3,Balanced Growth
122,18-25,Low,Home Purchase,Balanced,73,3,7,5,11,1,Balanced Growth
123,65+,High,Retirement,Aggressive,17,75,1,4,2,1,High-Risk Aggressive
124,56-65,Medium-High,Home Purchase,Moderate-Conservative,20,45,12,23,0,0,Conservative Growth
125,36-45,High,Home Purchase,Moderate-Conservative,94,5,1,0,0,0,Conservative Growth
126,46-55,Medium-High,Retirement,Balanced,93,2,0,5,0,0,Balanced Growth
127,65+,High,Short-term Savings,Conservative,42,40,8,1,6,3,Low-Risk Preservation
128,36-45,High,Home Purchase,Conservative,69,0,31,0,0,0,Low-Risk Preservation
129,36-45,High,Retirement,Moderate-Aggressive,63,0,32,0,1,4,Aggressive Growth
130,18-25,Medium-High,Home Purchase,Balanced,72,24,1,1,2,0,Balanced Growth
131,36-45,Medium-High,Education,Moderate-Aggressive,7,2,41,25,24,1,Aggressive Growth
132,56-65,High,Short-term Savings,Balanced,15,77,0,3,4,1,Balanced Growth
133,65+,Medium-Low,Wealth Accumulation,Aggressive,27,51,13,5,4,0,High-Risk Aggressive
134,36-45,Medium,Home Purchase,Moderate-Conservative,83,4,11,2,0,0,Conservative Growth
135,18-25,Medium,Education,Aggressive,53,40,4,1,1,1,High-Risk Aggressive
136,56-65,Medium,Wealth Accumulation,Balanced,65,0,33,0,1,1,Balanced Growth
137,26-35,Medium-High,Wealth Accumulation,Moderate-Conservative,40,40,6,11,3,0,Conservative Growth
138,65+,Medium-High,Home Purchase,Conservative,94,4,0,0,2,0,Low-Risk Preservation
139,36-45,Medium-Low,Retirement,Conservative,96,0,0,1,3,0,Low-Risk Preservation
140,18-25,Medium,Home Purchase,Moderate-Aggressive,90,4,2,4,0,0,Aggressive Growth
141,26-35,Medium,Education,Balanced,47,0,32,19,0,2,Balanced Growth
142,26-35,High,Wealth Accumulation,Balanced,46,35,15,1,1,2,Balanced Growth
143,46-55,Medium-High,Home Purchase,Conservative,47,29,7,1,6,10,Low-Risk Preservation
144,56-65,Medium,Retirement,Aggressive,90,4,2,1,1,2,High-Risk Aggressive
145,36-45,Medium-Low,Home Purchase,Moderate-Conservative,46,41,4,4,3,2,Conservative Growth
146,18-25,Medium-Low,Short-term Savings,Aggressive,3,67,1,21,8,0,High-Risk Aggressive
147,46-55,Medium,Retirement,Aggressive,5,19,75,0,0,1,High-Risk Aggressive
148,56-65,Medium-High,Education,Conservative,100,0,0,0,0,0,Low-Risk Preservation
149,46-55,Medium-Low,Wealth Accumulation,Conservative,19,55,21,3,0,2,Low-Risk Preservation
150,65+,High,Home Purchase,Conservative,3,37,54,4,2,0,Low-Risk Preservation
151,56-65,Medium-Low,Retirement,Moderate-Aggressive,74,14,10,2,0,0,Aggressive Growth
152,56-65,Low,Short-term Savings,Aggressive,33,6,29,22,6,4,High-Risk Aggressive
153,36-45,Low,Retirement,Balanced,0,32,17,34,13,4,Balanced Growth
154,56-65,Medium-High,Short-term Savings,Moderate-Conservative,81,11,1,3,0,4,Conservative Growth
155,46-55,Medium,Education,Moderate-Aggressive,67,6,17,3,2,5,Aggressive Growth
156,56-65,Medium-High,Wealth Accumulation,Balanced,61,29,8,2,0,0,Balanced Growth
157,36-45,Medium-High,Education,Aggressive,87,12,0,0,1,0,High-Risk Aggressive
158,36-45,Medium-High,Home Purchase,Conservative,53,45,2,0,0,0,Low-Risk Preservation
159,65+,Medium-High,Retirement,Aggressive,21,7,65,1,6,0,High-Risk Aggressive
160,46-55,High,Short-term Savings,Moderate-Conservative,29,2,0,8,29,32,Conservative Growth
161,26-35,High,Short-term Savings,Moderate-Aggressive,95,2,0,2,0,1,Aggressive Growth
162,26-35,Medium-Low,Retirement,Moderate-Aggressive,76,24,0,0,0,0,Aggressive Growth
163,56-65,Low,Retirement,Moderate-Conservative,86,9,3,0,1,1,Conservative Growth
164,65+,Medium-High,Home Purchase,Balanced,53,25,14,5,2,1,Balanced Growth
165,18-25,Medium-Low,Education,Balanced,30,30,10,28,1,1,Balanced Growth
166,56-65,Low,Short-term Savings,Moderate-Aggressive,19,23,19,39,0,0,Aggressive Growth
167,65+,Medium,Home Purchase,Moderate-Aggressive,74,20,3,0,3,0,Aggressive Growth
168,46-55,High,Education,Conservative,63,29,1,3,0,4,Low-Risk Preservation
169,46-55,Low,Home Purchase,Balanced,37,62,0,0,0,1,Balanced Growth
170,46-55,Medium,Short-term Savings,Moderate-Conservative,3,61,5,31,0,0,Conservative Growth
171,46-55,Low,Retirement,Balanced,34,27,37,1,0,1,Balanced Growth
172,46-55,High,Retirement,Conservative,19,70,10,0,0,1,Low-Risk Preservation
173,65+,High,Education,Moderate-Aggressive,19,47,6,24,2,2,Aggressive Growth
174,65+,Medium-Low,Wealth Accumulation,Moderate-Aggressive,82,5,1,6,3,3,Aggressive Growth
175,36-45,Medium-High,Education,Conservative,34,5,22,31,7,1,Low-Risk Preservation
176,26-35,Low,Wealth Accumulation,Moderate-Conservative,41,20,32,0,0,7,Conservative Growth
177,46-55,Low,Home Purchase,Moderate-Aggressive,94,2,0,2,0,2,Aggressive Growth
178,18-25,Medium,Home Purchase,Aggressive,20,28,29,9,6,8,High-Risk Aggressive
179,65+,High,Short-term Savings,Moderate-Aggressive,93,6,0,0,0,1,Aggressive Growth
180,18-25,Low,Wealth Accumulation,Aggressive,27,48,0,6,16,3,High-Risk Aggressive
181,18-25,High,Short-term Savings,Conservative,60,11,13,12,0,4,Low-Risk Preservation
182,18-25,Low,Retirement,Conservative,22,66,5,2,1,4,Low-Risk Preservation
183,36-45,Medium-Low,Wealth Accumulation,Moderate-Aggressive,7,68,15,3,5,2,Aggressive Growth
184,65+,Medium-High,Education,Balanced,69,18,5,6,0,2,Balanced Growth
185,18-25,Low,Retirement,Aggressive,95,1,2,0,2,0,High-Risk Aggressive
186,46-55,High,Retirement,Moderate-Conservative,9,80,5,3,2,1,Conservative Growth
187,56-65,Medium-Low,Education,Moderate-Aggressive,77,19,2,1,0,1,Aggressive Growth
188,18-25,Low,Retirement,Moderate-Conservative,98,1,0,0,0,1,Conservative Growth
189,36-45,Medium,Wealth Accumulation,Moderate-Aggressive,40,2,31,8,13,6,Aggressive Growth
190,65+,Medium-High,Short-term Savings,Balanced,87,6,5,2,0,0,Balanced Growth
191,36-45,Low,Retirement,Balanced,68,23,6,0,3,0,Balanced Growth
192,18-25,Medium-Low,Wealth Accumulation,Balanced,93,0,5,2,0,0,Balanced Growth
193,65+,Medium,Home Purchase,Balanced,97,3,0,0,0,0,Balanced Growth
194,56-65,Medium-Low,Wealth Accumulation,Conservative,47,32,8,0,4,9,Low-Risk Preservation
195,18-25,Medium-Low,Short-term Savings,Conservative,31,47,17,1,1,3,Low-Risk Preservation
196,36-45,Medium,Wealth Accumulation,Aggressive,71,16,8,3,0,2,High-Risk Aggressive
197,26-35,Medium-Low,Education,Moderate-Conservative,82,4,5,2,7,0,Conservative Growth
198,46-55,Medium,Short-term Savings,Moderate-Aggressive,43,15,42,0,0,0,Aggressive Growth
199,36-45,Low,Home Purchase,Moderate-Aggressive,58,19,1,9,0,13,Aggressive Growth
200,65+,Medium,Education,Conservative,5,43,17,9,9,17,Low-Risk Preservation
201,18-25,Medium,Wealth Accumulation,Moderate-Aggressive,85,9,6,0,0,0,Aggressive Growth
202,46-55,Medium-High,Short-term Savings,Conservative,43,21,27,1,2,6,Low-Risk Preservation
203,18-25,Medium,Home Purchase,Aggressive,41,50,4,4,1,0,High-Risk Aggressive
204,65+,Medium,Education,Moderate-Conservative,90,4,3,2,0,1,Conservative Growth
205,18-25,Low,Home Purchase,Aggressive,0,67,27,1,5,0,High-Risk Aggressive
206,26-35,Medium-High,Wealth Accumulation,Balanced,3,73,13,2,6,3,Balanced Growth
207,46-55,High,Home Purchase,Balanced,62,37,0,0,0,1,Balanced Growth
208,46-55,Low,Retirement,Balanced,77,7,4,5,2,5,Balanced Growth
209,65+,Low,Education,Aggressive,59,28,9,1,0,3,High-Risk Aggressive
210,26-35,High,Home Purchase,Moderate-Aggressive,29,7,52,6,1,5,Aggressive Growth
211,36-45,Medium,Wealth Accumulation,Moderate-Conservative,40,39,12,3,5,1,Conservative Growth
212,18-25,Medium-Low,Wealth Accumulation,Balanced,54,18,19,9,0,0,Balanced Growth
213,56-65,Medium-High,Home Purchase,Balanced,77,20,2,0,0,1,Balanced Growth
214,18-25,Medium-Low,Wealth Accumulation,Balanced,46,53,1,0,0,0,Balanced Growth
215,18-25,High,Short-term Savings,Moderate-Conservative,89,0,3,4,4,0,Conservative Growth
216,36-45,Low,Short-term Savings,Balanced,14,86,0,0,0,0,Balanced Growth
217,18-25,Low,Short-term Savings,Moderate-Conservative,46,7,0,45,1,1,Conservative Growth
218,26-35,Medium-High,Retirement,Balanced,68,3,10,17,1,1,Balanced Growth
219,26-35,Low,Home Purchase,Aggressive,90,6,3,1,0,0,High-Risk Aggressive
220,46-55,Low,Retirement,Aggressive,25,59,13,1,2,0,High-Risk Aggressive
221,65+,Medium-High,Wealth Accumulation,Moderate-Conservative,62,8,23,4,1,2,Conservative Growth
222,56-65,Medium-High,Retirement,Aggressive,67,5,20,4,3,1,High-Risk Aggressive
223,18-25,High,Wealth Accumulation,Moderate-Conservative,44,24,19,9,0,4,Conservative Growth
224,18-25,Low,Wealth Accumulation,Aggressive,79,8,11,1,0,1,High-Risk Aggressive
225,36-45,Low,Education,Aggressive,44,5,48,2,1,0,High-Risk Aggressive
226,65+,High,Short-term Savings,Moderate-Conservative,40,37,6,13,2,2,Conservative Growth
227,26-35,Medium,Wealth Accumulation,Moderate-Aggressive,93,1,3,2,1,0,Aggressive Growth
228,56-65,Medium,Education,Aggressive,61,17,19,3,0,0,High-Risk Aggressive
229,46-55,Medium,Short-term Savings,Balanced,66,12,18,3,1,0,Balanced Growth
230,26-35,High,Wealth Accumulation,Moderate-Aggressive,83,4,12,1,0,0,Aggressive Growth
231,65+,Low,Wealth Accumulation,Moderate-Conservative,33,13,2,9,33,10,Conservative Growth
232,46-55,High,Retirement,Moderate-Aggressive,28,54,5,13,0,0,Aggressive Growth
233,36-45,High,Retirement,Conservative,19,2,22,26,11,20,Low-Risk Preservation
234,36-45,Medium,Short-term Savings,Conservative,47,8,13,11,12,9,Low-Risk Preservation
235,18-25,Medium-Low,Wealth Accumulation,Aggressive,27,56,11,3,2,1,High-Risk Aggressive
236,65+,Low,Home Purchase,Aggressive,84,15,1,0,0,0,High-Risk Aggressive
237,56-65,Medium,Retirement,Balanced,94,6,0,0,0,0,Balanced Growth
238,46-55,Medium-Low,Short-term Savings,Moderate-Aggressive,26,38,29,5,1,1,Aggressive Growth
239,26-35,Medium-Low,Wealth Accumulation,Conservative,33,39,21,4,1,2,Low-Risk Preservation
240,65+,Medium-High,Wealth Accumulation,Aggressive,47,20,9,7,5,12,High-Risk Aggressive
241,65+,Low,Home Purchase,Moderate-Aggressive,11,36,47,0,5,1,Aggressive Growth
242,36-45,Medium-Low,Short-term Savings,Aggressive,1,51,0,30,12,6,High-Risk Aggressive
243,18-25,Medium,Wealth Accumulation,Aggressive,58,14,18,9,0,1,High-Risk Aggressive
244,18-25,Medium-High,Retirement,Conservative,35,41,7,2,3,12,Low-Risk Preservation
245,46-55,Low,Home Purchase,Conservative,59,14,10,2,3,12,Low-Risk Preservation
246,36-45,High,Short-term Savings,Aggressive,16,56,9,19,0,0,High-Risk Aggressive
247,65+,Medium,Home Purchase,Moderate-Conservative,48,36,11,3,0,2,Conservative Growth
248,56-65,Medium-Low,Retirement,Aggressive,19,41,39,1,0,0,High-Risk Aggressive
249,36-45,Medium-Low,Short-term Savings,Aggressive,39,20,13,13,7,8,High-Risk Aggressive
250,46-55,Medium,Home Purchase,Balanced,14,69,8,9,0,0,Balanced Growth
251,46-55,Medium-Low,Education,Balanced,5,34,31,27,0,3,Balanced Growth
252,36-45,Medium-High,Retirement,Balanced,9,68,12,9,0,2,Balanced Growth
253,46-55,Low,Retirement,Moderate-Conservative,21,50,14,0,0,15,Conservative Growth
254,36-45,Medium-High,Retirement,Moderate-Conservative,82,14,0,2,2,0,Conservative Growth
255,26-35,Medium-Low,Education,Aggressive,50,5,26,0,17,2,High-Risk Aggressive
256,36-45,High,Education,Balanced,34,16,45,2,0,3,Balanced Growth
257,36-45,Low,Wealth Accumulation,Moderate-Conservative,72,11,1,13,1,2,Conservative Growth
258,46-55,Low,Home Purchase,Conservative,36,28,2,10,0,24,Low-Risk Preservation
259,46-55,Medium,Wealth Accumulation,Aggressive,93,4,3,0,0,0,High-Risk Aggressive
260,18-25,Medium,Home Purchase,Moderate-Aggressive,44,54,1,0,1,0,Aggressive Growth
261,18-25,High,Education,Aggressive,96,2,1,0,1,0,High-Risk Aggressive
262,26-35,Low,Education,Moderate-Aggressive,73,10,4,10,3,0,Aggressive Growth
263,18-25,High,Wealth Accumulation,Balanced,57,34,6,2,0,1,Balanced Growth
264,36-45,Medium,Short-term Savings,Moderate-Aggressive,50,5,10,27,3,5,Aggressive Growth
265,46-55,Medium,Wealth Accumulation,Balanced,23,53,5,8,6,5,Balanced Growth
266,18-25,Low,Home Purchase,Conservative,63,25,4,5,3,0,Low-Risk Preservation
267,18-25,Medium-High,Wealth Accumulation,Moderate-Aggressive,80,9,2,9,0,0,Aggressive Growth
268,26-35,Medium-Low,Retirement,Aggressive,3,77,18,1,0,1,High-Risk Aggressive
269,65+,Medium,Home Purchase,Balanced,34,16,36,14,0,0,Balanced Growth
270,26-35,Medium,Home Purchase,Aggressive,27,26,31,15,1,0,High-Risk Aggressive
271,36-45,Medium-High,Short-term Savings,Moderate-Conservative,58,27,7,1,6,1,Conservative Growth
272,46-55,Medium-High,Education,Balanced,55,33,0,5,3,4,Balanced Growth
273,26-35,High,Home Purchase,Moderate-Aggressive,0,87,5,6,0,2,Aggressive Growth
274,18-25,High,Education,Balanced,83,0,10,7,0,0,Balanced Growth
275,46-55,Medium-Low,Wealth Accumulation,Aggressive,3,27,4,31,25,10,High-Risk Aggressive
276,46-55,Medium-Low,Retirement,Conservative,57,21,17,4,0,1,Low-Risk Preservation
277,18-25,Low,Short-term Savings,Balanced,71,10,18,0,1,0,Balanced Growth
278,26-35,High,Education,Moderate-Aggressive,77,7,3,6,4,3,Aggressive Growth
279,18-25,Medium,Home Purchase,Moderate-Conservative,96,1,3,0,0,0,Conservative Growth
280,65+,High,Education,Conservative,57,27,9,0,0,7,Low-Risk Preservation
281,46-55,Medium,Home Purchase,Moderate-Conservative,16,47,14,11,12,0,Conservative Growth
282,56-65,Medium-High,Education,Balanced,20,48,10,11,4,7,Balanced Growth
283,56-65,High,Home Purchase,Aggressive,58,29,10,2,0,1,High-Risk Aggressive
284,36-45,Medium-High,Wealth Accumulation,Aggressive,54,27,8,10,1,0,High-Risk Aggressive
285,18-25,Medium-Low,Home Purchase,Moderate-Aggressive,17,46,29,6,2,0,Aggressive Growth
286,18-25,Medium-Low,Home Purchase,Aggressive,53,9,14,3,13,8,High-Risk Aggressive
287,36-45,Low,Retirement,Conservative,24,57,6,11,0,2,Low-Risk Preservation
288,36-45,High,Home Purchase,Aggressive,61,2,36,0,1,0,High-Risk Aggressive
289,36-45,Medium-High,Retirement,Moderate-Aggressive,4,62,32,1,1,0,Aggressive Growth
290,46-55,Medium,Short-term Savings,Balanced,84,7,2,7,0,0,Balanced Growth
291,65+,Medium-Low,Retirement,Balanced,87,2,4,6,1,0,Balanced Growth
292,18-25,Medium-Low,Wealth Accumulation,Aggressive,37,13,35,5,1,9,High-Risk Aggressive
293,46-55,Medium,Retirement,Moderate-Conservative,6,65,2,10,4,13,Conservative Growth
294,36-45,Medium-High,Short-term Savings,Balanced,42,23,28,6,0,1,Balanced Growth
295,18-25,Medium-High,Wealth Accumulation,Aggressive,73,22,0,5,0,0,High-Risk Aggressive
296,46-55,High,Education,Moderate-Aggressive,9,23,67,0,1,0,Aggressive Growth
297,65+,High,Education,Aggressive,96,1,1,2,0,0,High-Risk Aggressive
298,46-55,Low,Retirement,Balanced,32,68,0,0,0,0,Balanced Growth
299,65+,Medium-Low,Retirement,Moderate-Aggressive,94,4,1,0,1,0,Aggressive Growth
300,36-45,High,Short-term Savings,Aggressive,20,25,21,3,30,1,High-Risk Aggressive
301,65+,Medium-High,Short-term Savings,Conservative,76,16,8,0,0,0,Low-Risk Preservation
302,18-25,Medium,Home Purchase,Moderate-Aggressive,77,20,1,2,0,0,Aggressive Growth
303,36-45,Medium-High,Short-term Savings,Conservative,52,38,2,0,5,3,Low-Risk Preservation
304,18-25,Medium-Low,Home Purchase,Moderate-Conservative,97,0,0,1,1,1,Conservative Growth
305,56-65,Medium-High,Wealth Accumulation,Moderate-Aggressive,29,8,46,15,1,1,Aggressive Growth
306,26-35,Low,Retirement,Conservative,16,34,44,1,1,4,Low-Risk Preservation
307,65+,Medium-Low,Wealth Accumulation,Balanced,20,10,55,1,7,7,Balanced Growth
308,26-35,Medium,Short-term Savings,Balanced,23,65,8,3,1,0,Balanced Growth
309,26-35,Low,Wealth Accumulation,Moderate-Conservative,62,32,1,1,1,3,Conservative Growth
310,65+,Medium-Low,Wealth Accumulation,Moderate-Aggressive,61,22,2,15,0,0,Aggressive Growth
311,36-45,Medium,Wealth Accumulation,Moderate-Aggressive,64,14,4,15,2,1,Aggressive Growth
312,56-65,Low,Short-term Savings,Moderate-Aggressive,11,9,2,67,5,6,Aggressive Growth
313,18-25,Low,Wealth Accumulation,Moderate-Conservative,22,75,0,2,1,0,Conservative Growth
314,46-55,Medium-Low,Home Purchase,Moderate-Aggressive,36,55,2,6,1,0,Aggressive Growth
315,18-25,High,Short-term Savings,Balanced,65,34,0,1,0,0,Balanced Growth
316,46-55,Low,Wealth Accumulation,Conservative,77,23,0,0,0,0,Low-Risk Preservation
317,18-25,Low,Short-term Savings,Balanced,15,35,18,21,4,7,Balanced Growth
318,65+,Medium,Education,Balanced,77,4,13,2,4,0,Balanced Growth
319,56-65,Medium-High,Home Purchase,Conservative,35,11,17,21,16,0,Low-Risk Preservation
320,46-55,Medium-Low,Wealth Accumulation,Balanced,60,11,11,1,4,13,Balanced Growth
321,36-45,Medium-Low,Education,Moderate-Conservative,21,64,5,8,1,1,Conservative Growth
322,18-25,High,Education,Conservative,13,85,0,2,0,0,Low-Risk Preservation
323,18-25,High,Short-term Savings,Balanced,29,67,1,0,0,3,Balanced Growth
324,46-55,Medium-Low,Education,Aggressive,22,39,28,7,4,0,High-Risk Aggressive
325,36-45,High,Home Purchase,Balanced,52,40,1,0,3,4,Balanced Growth
326,36-45,Medium,Home Purchase,Moderate-Conservative,10,73,4,2,7,4,Conservative Growth
327,65+,Medium-Low,Retirement,Moderate-Aggressive,98,1,1,0,0,0,Aggressive Growth
328,65+,High,Home Purchase,Balanced,78,14,5,0,2,1,Balanced Growth
329,65+,Medium-Low,Education,Moderate-Aggressive,50,50,0,0,0,0,Aggressive Growth
330,65+,Medium-High,Home Purchase,Aggressive,70,18,1,3,8,0,High-Risk Aggressive
331,65+,Low,Short-term Savings,Balanced,22,78,0,0,0,0,Balanced Growth
332,65+,Medium-Low,Retirement,Conservative,39,29,27,5,0,0,Low-Risk Preservation
333,56-65,Low,Education,Moderate-Aggressive,51,23,22,1,0,3,Aggressive Growth
334,36-45,High,Retirement,Aggressive,30,33,13,5,17,2,High-Risk Aggressive
335,65+,Low,Education,Conservative,3,68,11,6,6,6,Low-Risk Preservation
336,36-45,Medium-Low,Short-term Savings,Conservative,9,89,2,0,0,0,Low-Risk Preservation
337,36-45,Medium-High,Retirement,Conservative,30,57,7,5,1,0,Low-Risk Preservation
338,26-35,High,Wealth Accumulation,Conservative,61,19,10,8,2,0,Low-Risk Preservation
339,56-65,Medium-Low,Education,Balanced,63,19,15,1,1,1,Balanced Growth
340,65+,High,Wealth Accumulation,Balanced,73,14,7,6,0,0,Balanced Growth
341,18-25,Medium,Retirement,Balanced,37,11,32,18,0,2,Balanced Growth
342,46-55,Low,Wealth Accumulation,Aggressive,71,19,1,8,0,1,High-Risk Aggressive
343,18-25,Medium,Wealth Accumulation,Aggressive,92,5,0,1,2,0,High-Risk Aggressive
344,56-65,Medium-Low,Retirement,Aggressive,74,0,19,7,0,0,High-Risk Aggressive
345,46-55,Medium-High,Short-term Savings,Moderate-Conservative,22,55,1,22,0,0,Conservative Growth
346,56-65,High,Wealth Accumulation,Aggressive,44,23,18,1,12,2,High-Risk Aggressive
347,36-45,Low,Wealth Accumulation,Balanced,1,88,1,9,1,0,Balanced Growth
348,46-55,High,Short-term Savings,Balanced,19,45,3,1,4,28,Balanced Growth
349,36-45,Medium-Low,Wealth Accumulation,Moderate-Conservative,40,32,24,0,0,4,Conservative Growth
350,18-25,High,Wealth Accumulation,Moderate-Conservative,41,34,21,4,0,0,Conservative Growth
351,18-25,Low,Wealth Accumulation,Aggressive,32,49,4,6,6,3,High-Risk Aggressive
352,46-55,Medium-Low,Home Purchase,Moderate-Aggressive,80,0,9,0,3,8,Aggressive Growth
353,46-55,High,Short-term Savings,Moderate-Conservative,53,2,44,0,0,1,Conservative Growth
354,65+,Medium-High,Wealth Accumulation,Conservative,97,2,0,0,0,1,Low-Risk Preservation
355,56-65,Medium-Low,Short-term Savings,Balanced,48,15,27,2,0,8,Balanced Growth
356,65+,Medium-Low,Education,Conservative,23,71,6,0,0,0,Low-Risk Preservation
357,56-65,Medium-High,Education,Balanced,58,8,11,15,0,8,Balanced Growth
358,65+,Medium,Wealth Accumulation,Balanced,42,34,19,1,2,2,Balanced Growth
359,36-45,Low,Short-term Savings,Moderate-Conservative,81,2,12,5,0,0,Conservative Growth
360,46-55,Medium,Short-term Savings,Moderate-Conservative,75,24,0,0,1,0,Conservative Growth
361,18-25,High,Short-term Savings,Conservative,30,49,15,2,3,1,Low-Risk Preservation
362,56-65,Medium-High,Home Purchase,Balanced,98,2,0,0,0,0,Balanced Growth
363,56-65,Medium,Education,Conservative,25,72,1,0,1,1,Low-Risk Preservation
364,18-25,Medium-Low,Short-term Savings,Moderate-Aggressive,72,6,8,2,0,12,Aggressive Growth
365,65+,High,Short-term Savings,Conservative,38,10,16,34,0,2,Low-Risk Preservation
366,56-65,High,Home Purchase,Aggressive,45,7,17,18,5,8,High-Risk Aggressive
367,36-45,Medium,Home Purchase,Conservative,86,9,1,0,0,4,Low-Risk Preservation
368,46-55,Medium,Short-term Savings,Aggressive,71,12,4,0,13,0,High-Risk Aggressive
369,18-25,Medium-High,Retirement,Aggressive,10,26,28,12,10,14,High-Risk Aggressive
370,46-55,Low,Short-term Savings,Aggressive,81,11,8,0,0,0,High-Risk Aggressive
371,56-65,Medium,Short-term Savings,Moderate-Aggressive,44,35,0,2,8,11,Aggressive Growth
372,56-65,Medium,Home Purchase,Conservative,77,4,2,7,0,10,Low-Risk Preservation
373,18-25,Medium-Low,Home Purchase,Conservative,53,44,2,0,1,0,Low-Risk Preservation
374,36-45,High,Short-term Savings,Moderate-Aggressive,39,9,39,8,2,3,Aggressive Growth
375,26-35,Low,Short-term Savings,Balanced,78,20,2,0,0,0,Balanced Growth
376,18-25,Medium-Low,Short-term Savings,Moderate-Conservative,32,44,3,10,4,7,Conservative Growth
377,26-35,Medium-High,Home Purchase,Conservative,98,0,2,0,0,0,Low-Risk Preservation
378,65+,Medium-High,Short-term Savings,Moderate-Conservative,98,2,0,0,0,0,Conservative Growth
379,26-35,Medium,Short-term Savings,Moderate-Aggressive,57,20,15,0,1,7,Aggressive Growth
380,36-45,Medium,Wealth Accumulation,Balanced,3,30,57,2,8,0,Balanced Growth
381,65+,Medium-High,Retirement,Balanced,34,12,41,2,4,7,Balanced Growth
382,26-35,Medium,Education,Balanced,10,54,31,4,0,1,Balanced Growth
383,65+,Low,Retirement,Moderate-Aggressive,53,16,8,15,8,0,Aggressive Growth
384,26-35,Medium,Wealth Accumulation,Aggressive,7,36,3,9,11,34,High-Risk Aggressive
385,36-45,High,Education,Aggressive,49,24,18,9,0,0,High-Risk Aggressive
386,26-35,Medium,Short-term Savings,Moderate-Conservative,2,61,23,10,3,1,Conservative Growth
387,26-35,Medium-Low,Wealth Accumulation,Aggressive,13,79,8,0,0,0,High-Risk Aggressive
388,26-35,Low,Short-term Savings,Aggressive,21,61,2,8,5,3,High-Risk Aggressive
389,18-25,Medium-Low,Home Purchase,Balanced,49,6,8,30,5,2,Balanced Growth
390,18-25,Medium-Low,Wealth Accumulation,Balanced,34,59,6,0,1,0,Balanced Growth
391,18-25,High,Home Purchase,Moderate-Conservative,98,1,1,0,0,0,Conservative Growth
392,36-45,Low,Wealth Accumulation,Conservative,81,19,0,0,0,0,Low-Risk Preservation
393,65+,Low,Wealth Accumulation,Moderate-Conservative,77,23,0,0,0,0,Conservative Growth
394,56-65,Low,Home Purchase,Moderate-Conservative,73,18,4,4,1,0,Conservative Growth
395,26-35,Low,Education,Moderate-Aggressive,53,39,0,5,3,0,Aggressive Growth
396,26-35,Low,Retirement,Moderate-Aggressive,100,0,0,0,0,0,Aggressive Growth
397,36-45,High,Short-term Savings,Moderate-Conservative,14,41,36,0,4,5,Conservative Growth
398,26-35,Medium,Wealth Accumulation,Moderate-Conservative,71,12,11,0,2,4,Conservative Growth
399,18-25,Medium-Low,Short-term Savings,Moderate-Conservative,68,21,11,0,0,0,Conservative Growth
400,56-65,Low,Home Purchase,Aggressive,13,32,21,13,11,10,High-Risk Aggressive
401,46-55,Medium,Short-term Savings,Moderate-Aggressive,53,39,1,2,5,0,Aggressive Growth
402,26-35,Medium,Home Purchase,Moderate-Conservative,29,1,22,44,1,3,Conservative Growth
403,18-25,Medium-Low,Short-term Savings,Balanced,34,58,3,4,1,0,Balanced Growth
404,46-55,High,Retirement,Balanced,10,35,9,42,1,3,Balanced Growth
405,56-65,Medium-High,Retirement,Aggressive,57,16,23,1,0,3,High-Risk Aggressive
406,46-55,Medium-High,Retirement,Aggressive,58,11,11,3,1,16,High-Risk Aggressive
407,18-25,Medium,Retirement,Conservative,41,41,2,3,9,4,Low-Risk Preservation
408,65+,Medium-Low,Retirement,Conservative,85,11,3,1,0,0,Low-Risk Preservation
409,65+,Medium-High,Retirement,Conservative,17,42,33,6,2,0,Low-Risk Preservation
410,46-55,Medium,Home Purchase,Aggressive,40,3,22,4,26,5,High-Risk Aggressive
411,36-45,High,Wealth Accumulation,Aggressive,3,38,29,6,6,18,High-Risk Aggressive
412,46-55,Medium-High,Short-term Savings,Aggressive,46,4,10,7,7,26,High-Risk Aggressive
413,26-35,Medium,Retirement,Balanced,35,14,48,1,1,1,Balanced Growth
414,26-35,Medium,Home Purchase,Aggressive,68,10,5,10,3,4,High-Risk Aggressive
415,65+,Low,Home Purchase,Balanced,52,46,2,0,0,0,Balanced Growth
416,36-45,High,Home Purchase,Conservative,86,12,2,0,0,0,Low-Risk Preservation
417,18-25,Low,Wealth Accumulation,Conservative,1,49,42,2,3,3,Low-Risk Preservation
418,26-35,Medium-Low,Short-term Savings,Conservative,14,56,14,2,9,5,Low-Risk Preservation
419,65+,Low,Wealth Accumulation,Moderate-Conservative,60,23,7,9,1,0,Conservative Growth
420,56-65,Low,Education,Moderate-Conservative,74,7,14,0,0,5,Conservative Growth
421,65+,Medium-High,Home Purchase,Moderate-Aggressive,78,21,0,1,0,0,Aggressive Growth
422,26-35,Medium,Education,Moderate-Aggressive,14,19,34,1,1,31,Aggressive Growth
423,26-35,High,Retirement,Moderate-Aggressive,65,1,16,18,0,0,Aggressive Growth
424,65+,Low,Retirement,Moderate-Conservative,0,21,1,16,50,12,Conservative Growth
425,18-25,High,Wealth Accumulation,Moderate-Conservative,7,55,20,13,1,4,Conservative Growth
426,46-55,Low,Short-term Savings,Moderate-Aggressive,98,0,0,1,1,0,Aggressive Growth
427,26-35,Medium-Low,Education,Moderate-Aggressive,15,41,36,1,4,3,Aggressive Growth
428,65+,Low,Short-term Savings,Aggressive,59,19,20,1,1,0,High-Risk Aggressive
429,65+,Medium-High,Wealth Accumulation,Moderate-Aggressive,83,10,1,2,3,1,Aggressive Growth
430,36-45,Medium,Retirement,Aggressive,92,2,1,2,1,2,High-Risk Aggressive
431,46-55,Medium-Low,Short-term Savings,Balanced,6,80,7,7,0,0,Balanced Growth
432,56-65,Low,Short-term Savings,Moderate-Conservative,68,1,3,21,2,5,Conservative Growth
433,18-25,High,Retirement,Moderate-Aggressive,4,71,20,2,0,3,Aggressive Growth
434,56-65,Medium-Low,Education,Moderate-Conservative,55,33,8,1,3,0,Conservative Growth
435,46-55,Medium-Low,Retirement,Moderate-Conservative,39,53,0,6,0,2,Conservative Growth
436,46-55,Low,Short-term Savings,Moderate-Conservative,70,27,3,0,0,0,Conservative Growth
437,46-55,Medium-Low,Education,Balanced,67,16,10,0,3,4,Balanced Growth
438,56-65,High,Education,Conservative,86,7,4,3,0,0,Low-Risk Preservation
439,46-55,Medium-Low,Retirement,Moderate-Aggressive,59,5,20,3,11,2,Aggressive Growth
440,65+,High,Short-term Savings,Conservative,92,3,5,0,0,0,Low-Risk Preservation
441,56-65,Low,Wealth Accumulation,Conservative,83,3,8,5,1,0,Low-Risk Preservation
442,46-55,Medium,Short-term Savings,Conservative,70,3,22,2,3,0,Low-Risk Preservation
443,65+,Medium-Low,Home Purchase,Moderate-Conservative,9,41,28,10,5,7,Conservative Growth
444,36-45,Medium,Wealth Accumulation,Aggressive,96,2,2,0,0,0,High-Risk Aggressive
445,46-55,High,Education,Moderate-Conservative,57,1,25,9,7,1,Conservative Growth
446,56-65,Medium-Low,Wealth Accumulation,Moderate-Conservative,14,15,43,2,15,11,Conservative Growth
447,26-35,Medium-High,Education,Conservative,11,32,37,1,13,6,Low-Risk Preservation
448,46-55,Medium,Education,Moderate-Conservative,9,40,3,4,26,18,Conservative Growth
449,26-35,Medium-Low,Wealth Accumulation,Conservative,0,72,20,4,3,1,Low-Risk Preservation
450,65+,Medium,Education,Aggressive,28,44,24,3,0,1,High-Risk Aggressive
451,36-45,Medium-Low,Education,Moderate-Aggressive,59,18,18,5,0,0,Aggressive Growth
452,18-25,Low,Home Purchase,Conservative,39,51,3,7,0,0,Low-Risk Preservation
453,36-45,Medium,Short-term Savings,Aggressive,60,34,4,0,0,2,High-Risk Aggressive
454,46-55,Medium-High,Short-term Savings,Moderate-Aggressive,48,28,7,7,2,8,Aggressive Growth
455,26-35,Medium-High,Home Purchase,Balanced,40,40,13,1,6,0,Balanced Growth
456,26-35,High,Wealth Accumulation,Conservative,74,18,4,3,1,0,Low-Risk Preservation
457,56-65,Medium-Low,Retirement,Conservative,45,42,6,4,0,3,Low-Risk Preservation
458,26-35,Medium,Retirement,Balanced,88,4,6,0,1,1,Balanced Growth
459,56-65,High,Retirement,Balanced,78,8,8,4,1,1,Balanced Growth
460,65+,Medium,Home Purchase,Conservative,5,37,9,6,19,24,Low-Risk Preservation
461,18-25,Medium-Low,Home Purchase,Balanced,2,76,16,1,0,5,Balanced Growth
462,46-55,Medium-High,Education,Moderate-Conservative,20,68,9,2,0,1,Conservative Growth
463,56-65,Low,Retirement,Moderate-Aggressive,80,10,2,2,6,0,Aggressive Growth
464,18-25,Medium-High,Wealth Accumulation,Moderate-Aggressive,91,3,3,2,1,0,Aggressive Growth
465,26-35,High,Wealth Accumulation,Moderate-Aggressive,24,16,23,21,12,4,Aggressive Growth
466,26-35,Low,Retirement,Moderate-Conservative,35,20,17,14,4,10,Conservative Growth
467,18-25,High,Retirement,Balanced,77,4,1,3,10,5,Balanced Growth
468,26-35,Medium-Low,Retirement,Aggressive,66,23,11,0,0,0,High-Risk Aggressive
469,65+,Low,Home Purchase,Balanced,69,0,9,16,5,1,Balanced Growth
470,65+,High,Home Purchase,Conservative,56,7,10,22,1,4,Low-Risk Preservation
471,18-25,Medium-Low,Home Purchase,Moderate-Aggressive,100,0,0,0,0,0,Aggressive Growth
472,56-65,Medium-High,Short-term Savings,Balanced,68,31,1,0,0,0,Balanced Growth
473,56-65,Medium-Low,Wealth Accumulation,Aggressive,3,87,5,1,3,1,High-Risk Aggressive
474,18-25,Medium,Wealth Accumulation,Conservative,54,36,4,5,0,1,Low-Risk Preservation
475,56-65,Medium-Low,Education,Moderate-Conservative,65,5,17,6,5,2,Conservative Growth
476,56-65,Medium-Low,Home Purchase,Moderate-Conservative,93,3,0,2,2,0,Conservative Growth
477,65+,Medium,Short-term Savings,Aggressive,19,33,19,15,4,10,High-Risk Aggressive
478,56-65,High,Short-term Savings,Conservative,88,3,0,5,3,1,Low-Risk Preservation
479,36-45,High,Wealth Accumulation,Moderate-Aggressive,24,52,20,2,1,1,Aggressive Growth
480,46-55,Medium-Low,Home Purchase,Balanced,53,26,18,0,1,2,Balanced Growth
481,26-35,Medium,Education,Conservative,2,53,13,0,14,18,Low-Risk Preservation
482,36-45,Medium,Home Purchase,Moderate-Conservative,9,62,8,0,13,8,Conservative Growth
483,56-65,Medium-High,Retirement,Aggressive,88,9,3,0,0,0,High-Risk Aggressive
484,65+,High,Home Purchase,Aggressive,45,30,11,7,5,2,High-Risk Aggressive
485,18-25,Low,Retirement,Balanced,20,77,1,0,2,0,Balanced Growth
486,56-65,High,Retirement,Aggressive,85,3,0,1,8,3,High-Risk Aggressive
487,65+,High,Education,Aggressive,35,17,27,12,1,8,High-Risk Aggressive
488,46-55,Medium-High,Wealth Accumulation,Conservative,91,5,3,0,1,0,Low-Risk Preservation
489,56-65,Low,Home Purchase,Moderate-Aggressive,81,9,3,7,0,0,Aggressive Growth
490,18-25,Medium-High,Retirement,Balanced,21,75,0,4,0,0,Balanced Growth
491,65+,Low,Home Purchase,Conservative,91,5,1,3,0,0,Low-Risk Preservation
492,65+,Medium-Low,Wealth Accumulation,Moderate-Aggressive,50,5,9,35,0,1,Aggressive Growth
493,65+,Low,Wealth Accumulation,Conservative,87,13,0,0,0,0,Low-Risk Preservation
494,46-55,Medium-High,Short-term Savings,Conservative,24,59,8,9,0,0,Low-Risk Preservation
495,56-65,High,Wealth Accumulation,Aggressive,54,19,26,1,0,0,High-Risk Aggressive
496,46-55,Low,Education,Moderate-Aggressive,21,1,54,16,4,4,Aggressive Growth
497,26-35,Low,Retirement,Balanced,65,15,10,8,2,0,Balanced Growth
498,26-35,Medium,Short-term Savings,Balanced,69,13,8,5,2,3,Balanced Growth
499,56-65,High,Education,Moderate-Aggressive,12,63,13,9,0,3,Aggressive Growth
500,46-55,Medium-Low,Home Purchase,Aggressive,42,32,9,16,0,1,High-Risk Aggressive
501,18-25,Medium-High,Retirement,Moderate-Conservative,13,72,7,6,1,1,Conservative Growth
502,65+,Medium-Low,Wealth Accumulation,Conservative,28,56,12,4,0,0,Low-Risk Preservation
503,65+,High,Retirement,Aggressive,28,25,20,18,7,2,High-Risk Aggressive
504,56-65,Low,Home Purchase,Moderate-Aggressive,64,6,24,6,0,0,Aggressive Growth
505,26-35,Low,Short-term Savings,Conservative,14,68,14,4,0,0,Low-Risk Preservation
506,26-35,High,Short-term Savings,Balanced,92,3,0,2,0,3,Balanced Growth
507,65+,Low,Short-term Savings,Moderate-Conservative,71,27,2,0,0,0,Conservative Growth
508,56-65,Low,Wealth Accumulation,Balanced,34,12,28,0,2,24,Balanced Growth
509,46-55,Low,Education,Moderate-Aggressive,67,19,12,0,0,2,Aggressive Growth
510,26-35,Medium-High,Education,Conservative,52,25,14,6,2,1,Low-Risk Preservation
511,46-55,Medium-High,Retirement,Moderate-Aggressive,71,18,7,0,4,0,Aggressive Growth
512,26-35,Medium,Wealth Accumulation,Conservative,49,4,45,1,1,0,Low-Risk Preservation
513,26-35,Medium-Low,Short-term Savings,Aggressive,71,25,0,3,1,0,High-Risk Aggressive
514,36-45,High,Short-term Savings,Moderate-Conservative,100,0,0,0,0,0,Conservative Growth
515,26-35,High,Home Purchase,Aggressive,41,2,45,2,2,8,High-Risk Aggressive
516,18-25,High,Home Purchase,Aggressive,66,9,22,2,1,0,High-Risk Aggressive
517,56-65,Medium,Short-term Savings,Moderate-Aggressive,12,47,27,4,9,1,Aggressive Growth
518,56-65,Medium-High,Short-term Savings,Moderate-Conservative,61,29,0,7,1,2,Conservative Growth
519,46-55,Medium,Wealth Accumulation,Conservative,12,33,28,7,7,13,Low-Risk Preservation
520,26-35,High,Education,Conservative,18,1,71,7,2,1,Low-Risk Preservation
521,18-25,Medium-Low,Home Purchase,Balanced,91,7,1,0,1,0,Balanced Growth
522,46-55,Low,Education,Conservative,68,30,1,0,0,1,Low-Risk Preservation
523,36-45,Medium-High,Wealth Accumulation,Moderate-Aggressive,90,8,0,1,1,0,Aggressive Growth
524,46-55,Medium-High,Short-term Savings,Aggressive,23,45,22,4,0,6,High-Risk Aggressive
525,46-55,Medium,Education,Aggressive,42,0,58,0,0,0,High-Risk Aggressive
526,26-35,Medium-High,Short-term Savings,Aggressive,37,3,58,2,0,0,High-Risk Aggressive
527,36-45,High,Short-term Savings,Moderate-Conservative,99,1,0,0,0,0,Conservative Growth
528,46-55,High,Retirement,Conservative,48,40,9,2,0,1,Low-Risk Preservation
529,18-25,Medium,Education,Moderate-Aggressive,94,2,3,1,0,0,Aggressive Growth
530,18-25,High,Education,Moderate-Conservative,8,20,26,39,3,4,Conservative Growth
531,56-65,Medium-Low,Short-term Savings,Balanced,20,70,4,5,1,0,Balanced Growth
532,36-45,Medium,Wealth Accumulation,Moderate-Aggressive,37,45,12,6,0,0,Aggressive Growth
533,36-45,Medium-Low,Retirement,Moderate-Aggressive,21,54,8,7,3,7,Aggressive Growth
534,56-65,Low,Short-term Savings,Moderate-Aggressive,25,56,19,0,0,0,Aggressive Growth
535,46-55,Medium-Low,Home Purchase,Aggressive,72,20,3,3,0,2,High-Risk Aggressive
536,36-45,Low,Home Purchase,Moderate-Aggressive,59,1,4,5,23,8,Aggressive Growth
537,18-25,Low,Retirement,Conservative,31,23,0,30,2,14,Low-Risk Preservation
538,18-25,Medium-Low,Wealth Accumulation,Moderate-Aggressive,52,10,30,0,6,2,Aggressive Growth
539,26-35,Medium,Short-term Savings,Aggressive,66,9,1,11,13,0,High-Risk Aggressive
540,36-45,High,Education,Moderate-Aggressive,88,5,0,4,0,3,Aggressive Growth
541,46-55,High,Retirement,Balanced,54,46,0,0,0,0,Balanced Growth
542,56-65,Low,Wealth Accumulation,Balanced,58,27,2,8,4,1,Balanced Growth
543,56-65,Low,Education,Aggressive,95,0,2,3,0,0,High-Risk Aggressive
544,46-55,Medium,Home Purchase,Conservative,4,31,22,11,23,9,Low-Risk Preservation
545,65+,Medium-High,Home Purchase,Conservative,91,5,4,0,0,0,Low-Risk Preservation
546,26-35,Medium-Low,Education,Moderate-Conservative,66,33,0,0,1,0,Conservative Growth
547,56-65,Low,Retirement,Aggressive,16,70,1,10,2,1,High-Risk Aggressive
548,36-45,High,Home Purchase,Moderate-Aggressive,45,54,0,1,0,0,Aggressive Growth
549,26-35,Medium,Short-term Savings,Aggressive,29,16,44,7,2,2,High-Risk Aggressive
550,36-45,Medium-Low,Education,Moderate-Conservative,13,51,9,21,0,6,Conservative Growth
551,18-25,Medium,Education,Aggressive,19,48,26,5,2,0,High-Risk Aggressive
552,26-35,Medium-Low,Home Purchase,Aggressive,21,26,15,21,13,4,High-Risk Aggressive
553,56-65,Medium-Low,Retirement,Moderate-Conservative,24,46,18,1,0,11,Conservative Growth
554,26-35,Low,Short-term Savings,Conservative,78,3,10,3,2,4,Low-Risk Preservation
555,26-35,Medium,Retirement,Moderate-Aggressive,76,20,2,2,0,0,Aggressive Growth
556,26-35,Medium,Wealth Accumulation,Moderate-Conservative,77,0,18,1,1,3,Conservative Growth
557,65+,High,Wealth Accumulation,Balanced,14,13,8,11,35,19,Balanced Growth
558,26-35,High,Home Purchase,Conservative,60,40,0,0,0,0,Low-Risk Preservation
559,36-45,Low,Home Purchase,Balanced,79,12,7,0,1,1,Balanced Growth
560,18-25,Low,Home Purchase,Conservative,4,75,15,4,0,2,Low-Risk Preservation
561,46-55,Medium-High,Wealth Accumulation,Moderate-Aggressive,64,22,7,5,0,2,Aggressive Growth
562,26-35,High,Retirement,Moderate-Aggressive,42,19,5,16,11,7,Aggressive Growth
563,56-65,Medium-Low,Retirement,Aggressive,31,36,0,8,15,10,High-Risk Aggressive
564,26-35,Medium,Home Purchase,Balanced,62,24,2,2,0,10,Balanced Growth
565,56-65,Low,Short-term Savings,Conservative,100,0,0,0,0,0,Low-Risk Preservation
566,36-45,Medium,Retirement,Moderate-Aggressive,98,2,0,0,0,0,Aggressive Growth
567,56-65,Medium,Wealth Accumulation,Moderate-Conservative,24,42,30,1,1,2,Conservative Growth
568,46-55,Medium-High,Education,Moderate-Aggressive,84,6,8,2,0,0,Aggressive Growth
569,18-25,High,Education,Moderate-Conservative,91,9,0,0,0,0,Conservative Growth
570,56-65,Low,Education,Conservative,97,1,1,1,0,0,Low-Risk Preservation
571,56-65,Medium,Short-term Savings,Moderate-Aggressive,82,15,1,0,0,2,Aggressive Growth
572,18-25,Low,Home Purchase,Moderate-Aggressive,32,40,12,1,10,5,Aggressive Growth
573,46-55,Medium-Low,Wealth Accumulation,Conservative,46,25,21,0,1,7,Low-Risk Preservation
574,26-35,Medium-High,Short-term Savings,Moderate-Aggressive,91,0,8,0,0,1,Aggressive Growth
575,56-65,Medium-Low,Wealth Accumulation,Moderate-Conservative,85,7,6,1,0,1,Conservative Growth
576,18-25,Low,Wealth Accumulation,Moderate-Aggressive,37,34,22,0,5,2,Aggressive Growth
577,36-45,Low,Home Purchase,Balanced,63,15,18,2,2,0,Balanced Growth
578,18-25,High,Education,Aggressive,76,9,13,0,1,1,High-Risk Aggressive
579,36-45,Medium,Home Purchase,Moderate-Conservative,81,8,10,1,0,0,Conservative Growth
580,46-55,Medium,Short-term Savings,Balanced,97,3,0,0,0,0,Balanced Growth
581,26-35,Medium-Low,Short-term Savings,Conservative,54,45,0,1,0,0,Low-Risk Preservation
582,18-25,Medium-High,Short-term Savings,Moderate-Conservative,57,24,19,0,0,0,Conservative Growth
583,65+,Medium,Home Purchase,Aggressive,3,74,10,3,6,4,High-Risk Aggressive
584,56-65,High,Wealth Accumulation,Aggressive,72,4,17,4,2,1,High-Risk Aggressive
585,46-55,Medium-Low,Wealth Accumulation,Conservative,48,4,3,29,4,12,Low-Risk Preservation
586,18-25,Medium-Low,Retirement,Conservative,44,39,0,7,7,3,Low-Risk Preservation
587,56-65,High,Short-term Savings,Moderate-Conservative,52,15,13,12,2,6,Conservative Growth
588,18-25,Medium-High,Wealth Accumulation,Moderate-Aggressive,20,19,31,3,21,6,Aggressive Growth
589,36-45,High,Retirement,Conservative,43,55,2,0,0,0,Low-Risk Preservation
590,18-25,Medium-High,Wealth Accumulation,Moderate-Aggressive,5,66,17,3,3,6,Aggressive Growth
591,65+,High,Short-term Savings,Balanced,1,47,45,1,6,0,Balanced Growth
592,18-25,High,Education,Aggressive,57,32,4,5,1,1,High-Risk Aggressive
593,18-25,Low,Short-term Savings,Moderate-Aggressive,7,8,83,0,0,2,Aggressive Growth
594,65+,Medium-Low,Home Purchase,Aggressive,78,8,0,2,7,5,High-Risk Aggressive
595,46-55,High,Wealth Accumulation,Moderate-Aggressive,22,31,42,0,2,3,Aggressive Growth
596,18-25,High,Wealth Accumulation,Balanced,91,3,1,0,4,1,Balanced Growth
597,65+,Medium,Home Purchase,Conservative,90,7,2,0,1,0,Low-Risk Preservation
598,56-65,Medium-Low,Home Purchase,Balanced,50,13,34,1,0,2,Balanced Growth
599,36-45,Medium,Education,Conservative,56,21,4,10,1,8,Low-Risk Preservation
600,36-45,Medium-Low,Wealth Accumulation,Conservative,1,93,5,0,1,0,Low-Risk Preservation
601,18-25,Medium,Wealth Accumulation,Aggressive,23,10,61,3,2,1,High-Risk Aggressive
602,46-55,High,Education,Balanced,91,3,5,0,0,1,Balanced Growth
603,46-55,High,Retirement,Moderate-Aggressive,62,1,9,1,0,27,Aggressive Growth
604,56-65,Low,Education,Balanced,2,85,0,9,2,2,Balanced Growth
605,18-25,Medium,Short-term Savings,Aggressive,92,6,2,0,0,0,High-Risk Aggressive
606,36-45,Medium-High,Wealth Accumulation,Conservative,64,8,10,0,18,0,Low-Risk Preservation
607,46-55,Low,Home Purchase,Aggressive,42,54,2,0,2,0,High-Risk Aggressive
608,18-25,Medium,Short-term Savings,Moderate-Conservative,55,32,4,7,2,0,Conservative Growth
609,46-55,Medium,Wealth Accumulation,Moderate-Conservative,40,36,21,1,1,1,Conservative Growth
610,65+,Low,Education,Moderate-Aggressive,20,56,18,2,3,1,Aggressive Growth
611,46-55,High,Short-term Savings,Aggressive,94,6,0,0,0,0,High-Risk Aggressive
612,36-45,Medium,Wealth Accumulation,Moderate-Aggressive,4,15,42,18,14,7,Aggressive Growth
613,26-35,High,Retirement,Moderate-Aggressive,76,16,0,7,0,1,Aggressive Growth
614,56-65,Low,Retirement,Moderate-Conservative,23,53,7,17,0,0,Conservative Growth
615,56-65,High,Home Purchase,Moderate-Aggressive,90,9,0,1,0,0,Aggressive Growth
616,36-45,Medium-Low,Wealth Accumulation,Moderate-Conservative,7,22,61,7,1,2,Conservative Growth
617,46-55,Medium-High,Retirement,Conservative,39,42,1,12,1,5,Low-Risk Preservation
618,18-25,Medium,Education,Aggressive,16,21,4,9,49,1,High-Risk Aggressive
619,46-55,Medium-High,Wealth Accumulation,Moderate-Aggressive,45,4,50,0,1,0,Aggressive Growth
620,36-45,High,Education,Moderate-Conservative,62,24,11,2,0,1,Conservative Growth
621,56-65,Medium,Education,Balanced,96,4,0,0,0,0,Balanced Growth
622,46-55,High,Retirement,Moderate-Aggressive,88,6,4,2,0,0,Aggressive Growth
623,56-65,Medium-Low,Wealth Accumulation,Conservative,17,20,43,11,6,3,Low-Risk Preservation
624,18-25,Low,Short-term Savings,Conservative,27,27,42,2,1,1,Low-Risk Preservation
625,56-65,Medium,Retirement,Balanced,97,2,1,0,0,0,Balanced Growth
626,56-65,Medium-Low,Retirement,Moderate-Conservative,58,29,9,2,2,0,Conservative Growth
627,26-35,Medium-Low,Wealth Accumulation,Moderate-Aggressive,59,17,13,3,1,7,Aggressive Growth
628,26-35,Medium,Wealth Accumulation,Moderate-Conservative,10,67,19,1,0,3,Conservative Growth
629,65+,High,Education,Conservative,38,23,9,24,6,0,Low-Risk Preservation
630,26-35,Medium-Low,Wealth Accumulation,Moderate-Conservative,22,5,14,12,34,13,Conservative Growth
631,56-65,Medium-High,Education,Conservative,91,7,1,1,0,0,Low-Risk Preservation
632,36-45,Medium-Low,Retirement,Moderate-Conservative,73,4,2,5,15,1,Conservative Growth
633,56-65,High,Home Purchase,Balanced,92,8,0,0,0,0,Balanced Growth
634,36-45,High,Short-term Savings,Aggressive,21,78,0,1,0,0,High-Risk Aggressive
635,36-45,Medium-High,Retirement,Balanced,79,18,2,1,0,0,Balanced Growth
636,26-35,Medium-Low,Wealth Accumulation,Balanced,23,43,22,0,2,10,Balanced Growth
637,46-55,High,Short-term Savings,Aggressive,69,12,3,5,6,5,High-Risk Aggressive
638,18-25,Medium,Home Purchase,Aggressive,93,6,0,1,0,0,High-Risk Aggressive
639,26-35,Low,Home Purchase,Moderate-Aggressive,4,24,54,9,3,6,Aggressive Growth
640,26-35,Low,Education,Moderate-Aggressive,58,42,0,0,0,0,Aggressive Growth
641,46-55,Low,Short-term Savings,Balanced,15,84,0,0,0,1,Balanced Growth
642,18-25,Medium-Low,Education,Balanced,6,88,1,4,0,1,Balanced Growth
643,56-65,Medium-High,Retirement,Conservative,66,21,4,9,0,0,Low-Risk Preservation
644,65+,High,Short-term Savings,Conservative,25,18,25,27,4,1,Low-Risk Preservation
645,65+,Medium,Retirement,Moderate-Aggressive,55,18,26,1,0,0,Aggressive Growth
646,56-65,Medium,Education,Moderate-Aggressive,44,39,5,3,9,0,Aggressive Growth
647,26-35,Medium-Low,Short-term Savings,Conservative,20,76,3,0,0,1,Low-Risk Preservation
648,18-25,Low,Education,Conservative,48,50,1,0,1,0,Low-Risk Preservation
649,26-35,Medium-Low,Short-term Savings,Moderate-Conservative,75,18,1,4,0,2,Conservative Growth
650,36-45,Medium-High,Education,Moderate-Conservative,40,26,23,4,7,0,Conservative Growth
651,26-35,Medium-High,Home Purchase,Conservative,70,23,5,1,1,0,Low-Risk Preservation
652,26-35,High,Education,Moderate-Conservative,31,50,5,14,0,0,Conservative Growth
653,56-65,High,Home Purchase,Aggressive,68,32,0,0,0,0,High-Risk Aggressive
654,56-65,Medium-High,Education,Moderate-Aggressive,79,4,8,3,4,2,Aggressive Growth
655,56-65,Medium-High,Short-term Savings,Moderate-Aggressive,14,39,27,2,6,12,Aggressive Growth
656,65+,Medium-High,Short-term Savings,Conservative,35,62,2,0,0,1,Low-Risk Preservation
657,36-45,Medium-Low,Short-term Savings,Balanced,30,53,9,3,3,2,Balanced Growth
658,56-65,Medium-High,Wealth Accumulation,Conservative,7,20,69,1,2,1,Low-Risk Preservation
659,18-25,Medium,Retirement,Moderate-Conservative,13,35,3,4,8,37,Conservative Growth
660,65+,Low,Short-term Savings,Balanced,42,43,7,5,2,1,Balanced Growth
661,46-55,Medium-High,Home Purchase,Moderate-Conservative,71,9,1,14,0,5,Conservative Growth
662,18-25,Low,Short-term Savings,Aggressive,19,18,49,4,5,5,High-Risk Aggressive
663,18-25,Medium-Low,Wealth Accumulation,Moderate-Conservative,9,22,27,13,24,5,Conservative Growth
664,56-65,Low,Home Purchase,Aggressive,61,39,0,0,0,0,High-Risk Aggressive
665,46-55,Medium-Low,Wealth Accumulation,Aggressive,13,59,10,10,7,1,High-Risk Aggressive
666,46-55,Medium,Home Purchase,Moderate-Conservative,54,14,25,6,0,1,Conservative Growth
667,65+,Medium-Low,Education,Moderate-Conservative,35,37,26,2,0,0,Conservative Growth
668,46-55,Medium-Low,Retirement,Aggressive,22,9,14,36,16,3,High-Risk Aggressive
669,36-45,High,Retirement,Balanced,30,37,33,0,0,0,Balanced Growth
670,56-65,Medium-High,Wealth Accumulation,Aggressive,75,4,16,0,0,5,High-Risk Aggressive
671,46-55,Medium-High,Retirement,Moderate-Aggressive,3,42,35,13,1,6,Aggressive Growth
672,65+,Medium,Wealth Accumulation,Aggressive,6,39,1,36,14,4,High-Risk Aggressive
673,36-45,Medium,Wealth Accumulation,Balanced,45,29,10,3,1,12,Balanced Growth
674,26-35,Medium-High,Wealth Accumulation,Moderate-Aggressive,100,0,0,0,0,0,Aggressive Growth
675,26-35,High,Retirement,Conservative,2,30,37,11,20,0,Low-Risk Preservation
676,36-45,Medium-High,Wealth Accumulation,Conservative,89,9,2,0,0,0,Low-Risk Preservation
677,65+,High,Retirement,Balanced,83,9,1,0,3,4,Balanced Growth
678,36-45,Medium,Wealth Accumulation,Aggressive,70,21,9,0,0,0,High-Risk Aggressive
679,56-65,Low,Short-term Savings,Moderate-Conservative,19,55,3,9,2,12,Conservative Growth
680,56-65,Medium,Wealth Accumulation,Balanced,93,6,0,1,0,0,Balanced Growth
681,26-35,Medium,Home Purchase,Moderate-Aggressive,93,4,3,0,0,0,Aggressive Growth
682,46-55,Medium-Low,Wealth Accumulation,Moderate-Aggressive,80,12,0,7,0,1,Aggressive Growth
683,65+,Medium-Low,Education,Conservative,12,56,16,12,2,2,Low-Risk Preservation
684,26-35,Medium-Low,Wealth Accumulation,Moderate-Aggressive,25,13,24,36,0,2,Aggressive Growth
685,46-55,Medium-Low,Home Purchase,Balanced,5,80,1,9,0,5,Balanced Growth
686,46-55,High,Home Purchase,Moderate-Aggressive,43,57,0,0,0,0,Aggressive Growth
687,56-65,Medium-High,Retirement,Balanced,0,6,7,10,13,64,Balanced Growth
688,18-25,Low,Short-term Savings,Moderate-Conservative,28,37,7,12,9,7,Conservative Growth
689,18-25,Medium,Wealth Accumulation,Conservative,51,11,23,8,0,7,Low-Risk Preservation
690,36-45,High,Retirement,Moderate-Aggressive,62,21,8,6,1,2,Aggressive Growth
691,56-65,Low,Short-term Savings,Balanced,16,78,2,0,4,0,Balanced Growth
692,46-55,High,Wealth Accumulation,Aggressive,10,19,29,25,8,9,High-Risk Aggressive
693,65+,High,Education,Conservative,51,42,2,0,2,3,Low-Risk Preservation
694,18-25,Medium,Wealth Accumulation,Moderate-Conservative,37,58,3,0,1,1,Conservative Growth
695,46-55,Medium-High,Home Purchase,Balanced,36,52,10,0,0,2,Balanced Growth
696,18-25,Medium-Low,Home Purchase,Moderate-Conservative,53,21,23,2,0,1,Conservative Growth
697,18-25,Medium-High,Education,Moderate-Conservative,14,15,24,36,10,1,Conservative Growth
698,18-25,Medium,Retirement,Moderate-Aggressive,13,43,11,33,0,0,Aggressive Growth
699,65+,Medium,Short-term Savings,Moderate-Aggressive,51,32,2,12,2,1,Aggressive Growth
700,56-65,Medium,Wealth Accumulation,Balanced,62,6,8,24,0,0,Balanced Growth
701,65+,Low,Home Purchase,Aggressive,19,36,20,3,18,4,High-Risk Aggressive
702,26-35,Medium-High,Retirement,Balanced,96,2,0,0,1,1,Balanced Growth
703,46-55,Medium-High,Education,Aggressive,79,20,0,1,0,0,High-Risk Aggressive
704,56-65,High,Home Purchase,Moderate-Conservative,98,1,1,0,0,0,Conservative Growth
705,56-65,High,Education,Conservative,45,20,18,12,1,4,Low-Risk Preservation
706,56-65,High,Wealth Accumulation,Balanced,67,8,1,14,2,8,Balanced Growth
707,56-65,Medium,Short-term Savings,Balanced,26,61,7,6,0,0,Balanced Growth
708,65+,Medium-High,Home Purchase,Aggressive,32,34,8,6,12,8,High-Risk Aggressive
709,56-65,Medium,Home Purchase,Moderate-Conservative,99,1,0,0,0,0,Conservative Growth
710,36-45,Low,Wealth Accumulation,Moderate-Conservative,26,63,1,7,2,1,Conservative Growth
711,46-55,High,Retirement,Aggressive,61,31,2,6,0,0,High-Risk Aggressive
712,56-65,Medium,Short-term Savings,Moderate-Conservative,38,48,3,11,0,0,Conservative Growth
713,46-55,Medium,Home Purchase,Moderate-Aggressive,30,10,48,6,2,4,Aggressive Growth
714,36-45,Low,Short-term Savings,Conservative,25,15,36,13,4,7,Low-Risk Preservation
715,36-45,Medium-Low,Home Purchase,Balanced,47,33,16,4,0,0,Balanced Growth
716,46-55,Medium-High,Short-term Savings,Conservative,79,12,0,7,1,1,Low-Risk Preservation
717,18-25,Medium-Low,Education,Balanced,51,13,31,0,2,3,Balanced Growth
718,26-35,High,Home Purchase,Moderate-Aggressive,43,37,5,13,2,0,Aggressive Growth
719,18-25,Medium,Short-term Savings,Moderate-Conservative,11,24,48,15,1,1,Conservative Growth
720,18-25,Low,Retirement,Aggressive,90,6,2,0,0,2,High-Risk Aggressive
721,65+,Low,Education,Moderate-Aggressive,7,57,10,7,0,19,Aggressive Growth
722,18-25,Medium-High,Education,Conservative,54,4,29,2,9,2,Low-Risk Preservation
723,56-65,Medium-Low,Retirement,Aggressive,61,33,0,4,0,2,High-Risk Aggressive
724,65+,Medium-High,Short-term Savings,Moderate-Conservative,78,2,15,1,3,1,Conservative Growth
725,65+,Medium,Wealth Accumulation,Moderate-Aggressive,26,27,38,3,0,6,Aggressive Growth
726,36-45,Medium-High,Retirement,Aggressive,15,67,15,0,2,1,High-Risk Aggressive
727,18-25,Low,Short-term Savings,Moderate-Aggressive,29,10,47,14,0,0,Aggressive Growth
728,36-45,Low,Retirement,Moderate-Aggressive,100,0,0,0,0,0,Aggressive Growth
729,46-55,High,Retirement,Moderate-Conservative,94,1,2,0,2,1,Conservative Growth
730,26-35,High,Home Purchase,Balanced,52,1,31,7,8,1,Balanced Growth
731,65+,Medium,Short-term Savings,Aggressive,12,47,13,5,20,3,High-Risk Aggressive
732,46-55,Medium-Low,Wealth Accumulation,Moderate-Conservative,69,24,5,0,1,1,Conservative Growth
733,46-55,Medium-High,Home Purchase,Moderate-Aggressive,81,6,6,5,2,0,Aggressive Growth
734,56-65,Medium,Retirement,Moderate-Conservative,96,4,0,0,0,0,Conservative Growth
735,26-35,High,Retirement,Balanced,89,7,2,2,0,0,Balanced Growth
736,46-55,Medium-High,Retirement,Aggressive,42,3,10,23,15,7,High-Risk Aggressive
737,46-55,High,Short-term Savings,Balanced,9,76,12,3,0,0,Balanced Growth
738,26-35,Medium-High,Short-term Savings,Conservative,29,8,4,12,30,17,Low-Risk Preservation
739,26-35,Medium-Low,Home Purchase,Aggressive,8,67,18,1,2,4,High-Risk Aggressive
740,46-55,Medium,Wealth Accumulation,Balanced,8,8,34,19,0,31,Balanced Growth
741,26-35,Medium-High,Home Purchase,Moderate-Aggressive,31,51,1,12,1,4,Aggressive Growth
742,46-55,Low,Education,Aggressive,99,1,0,0,0,0,High-Risk Aggressive
743,46-55,Low,Retirement,Aggressive,25,50,3,7,12,3,High-Risk Aggressive
744,56-65,Medium-High,Retirement,Moderate-Conservative,56,16,8,12,4,4,Conservative Growth
745,18-25,Medium-High,Retirement,Moderate-Aggressive,81,9,8,1,0,1,Aggressive Growth
746,46-55,Medium-High,Home Purchase,Conservative,46,1,2,41,2,8,Low-Risk Preservation
747,36-45,Low,Home Purchase,Balanced,90,0,2,8,0,0,Balanced Growth
748,65+,Low,Retirement,Moderate-Conservative,96,4,0,0,0,0,Conservative Growth
749,18-25,Medium-High,Home Purchase,Balanced,69,17,9,0,5,0,Balanced Growth
750,18-25,High,Short-term Savings,Conservative,31,26,42,0,1,0,Low-Risk Preservation
751,18-25,High,Short-term Savings,Conservative,61,39,0,0,0,0,Low-Risk Preservation
752,56-65,Medium-Low,Home Purchase,Aggressive,70,1,7,20,1,1,High-Risk Aggressive
753,46-55,Medium,Retirement,Conservative,92,3,0,1,3,1,Low-Risk Preservation
754,56-65,High,Home Purchase,Balanced,66,20,9,1,1,3,Balanced Growth
755,46-55,Low,Home Purchase,Moderate-Aggressive,64,8,14,9,2,3,Aggressive Growth
756,56-65,High,Home Purchase,Moderate-Aggressive,98,2,0,0,0,0,Aggressive Growth
757,56-65,Medium-Low,Education,Aggressive,64,30,6,0,0,0,High-Risk Aggressive
758,65+,Medium-Low,Short-term Savings,Balanced,100,0,0,0,0,0,Balanced Growth
759,36-45,Medium,Wealth Accumulation,Balanced,48,29,13,7,2,1,Balanced Growth
760,56-65,High,Wealth Accumulation,Conservative,21,78,1,0,0,0,Low-Risk Preservation
761,65+,Low,Education,Balanced,35,43,8,10,4,0,Balanced Growth
762,26-35,Low,Home Purchase,Moderate-Conservative,24,68,2,6,0,0,Conservative Growth
763,36-45,Medium-High,Education,Conservative,8,85,2,3,2,0,Low-Risk Preservation
764,56-65,Low,Education,Moderate-Conservative,32,17,0,45,4,2,Conservative Growth
765,18-25,Medium,Retirement,Aggressive,76,19,3,0,2,0,High-Risk Aggressive
766,26-35,Medium,Short-term Savings,Moderate-Aggressive,32,8,3,32,4,21,Aggressive Growth
767,26-35,Low,Wealth Accumulation,Aggressive,1,98,0,1,0,0,High-Risk Aggressive
768,65+,Low,Home Purchase,Moderate-Aggressive,0,92,7,0,0,1,Aggressive Growth
769,26-35,Medium-High,Wealth Accumulation,Aggressive,53,25,4,1,12,5,High-Risk Aggressive
770,36-45,Low,Wealth Accumulation,Balanced,36,41,10,4,9,0,Balanced Growth
771,56-65,Medium-High,Short-term Savings,Moderate-Conservative,4,22,46,10,2,16,Conservative Growth
772,56-65,Medium-High,Wealth Accumulation,Moderate-Aggressive,49,49,2,0,0,0,Aggressive Growth
773,18-25,Low,Wealth Accumulation,Conservative,3,31,53,5,7,1,Low-Risk Preservation
774,65+,Medium-Low,Education,Moderate-Conservative,4,93,3,0,0,0,Conservative Growth
775,18-25,Medium-Low,Short-term Savings,Conservative,33,18,46,2,0,1,Low-Risk Preservation
776,26-35,Medium-High,Retirement,Moderate-Conservative,71,0,11,17,0,1,Conservative Growth
777,18-25,Low,Home Purchase,Moderate-Conservative,61,13,8,16,0,2,Conservative Growth
778,36-45,Medium-Low,Wealth Accumulation,Aggressive,96,0,3,0,0,1,High-Risk Aggressive
779,56-65,Low,Home Purchase,Moderate-Aggressive,7,90,3,0,0,0,Aggressive Growth
780,26-35,Low,Retirement,Moderate-Aggressive,3,61,21,2,8,5,Aggressive Growth
781,18-25,Low,Home Purchase,Moderate-Conservative,67,9,17,4,1,2,Conservative Growth
782,65+,High,Retirement,Balanced,96,4,0,0,0,0,Balanced Growth
783,36-45,Low,Education,Balanced,68,14,7,5,0,6,Balanced Growth
784,36-45,High,Wealth Accumulation,Conservative,31,34,23,7,3,2,Low-Risk Preservation
785,18-25,Medium-High,Retirement,Conservative,50,25,14,10,0,1,Low-Risk Preservation
786,56-65,Medium-Low,Home Purchase,Aggressive,98,0,2,0,0,0,High-Risk Aggressive
787,18-25,Medium-Low,Wealth Accumulation,Moderate-Conservative,44,31,21,4,0,0,Conservative Growth
788,26-35,Medium-Low,Education,Conservative,56,0,21,17,3,3,Low-Risk Preservation
789,18-25,Medium-Low,Wealth Accumulation,Conservative,89,7,0,1,0,3,Low-Risk Preservation
790,36-45,Medium-Low,Retirement,Moderate-Conservative,25,42,11,5,8,9,Conservative Growth
791,18-25,Medium-Low,Education,Aggressive,35,51,5,9,0,0,High-Risk Aggressive
792,56-65,Medium-Low,Home Purchase,Conservative,43,34,1,4,10,8,Low-Risk Preservation
793,65+,Medium-High,Education,Aggressive,34,9,3,37,15,2,High-Risk Aggressive
794,46-55,Low,Education,Moderate-Aggressive,22,29,43,3,3,0,Aggressive Growth
795,18-25,Medium,Short-term Savings,Aggressive,84,0,7,6,0,3,High-Risk Aggressive
796,56-65,High,Education,Balanced,3,80,5,7,1,4,Balanced Growth
797,56-65,Medium,Education,Balanced,70,0,11,14,2,3,Balanced Growth
798,65+,Medium,Wealth Accumulation,Aggressive,11,16,52,4,4,13,High-Risk Aggressive
799,36-45,Low,Home Purchase,Balanced,45,19,19,14,1,2,Balanced Growth
800,56-65,Low,Wealth Accumulation,Moderate-Aggressive,71,28,0,1,0,0,Aggressive Growth
801,56-65,Low,Wealth Accumulation,Moderate-Conservative,34,36,13,1,15,1,Conservative Growth
802,56-65,Medium-Low,Retirement,Balanced,28,34,1,1,27,9,Balanced Growth
803,56-65,Medium-High,Wealth Accumulation,Balanced,88,10,2,0,0,0,Balanced Growth
804,26-35,Medium-Low,Short-term Savings,Aggressive,36,41,5,10,0,8,High-Risk Aggressive
805,26-35,Medium-High,Short-term Savings,Moderate-Aggressive,90,2,2,2,4,0,Aggressive Growth
806,36-45,Medium-High,Retirement,Moderate-Conservative,35,10,21,31,2,1,Conservative Growth
807,18-25,Medium,Home Purchase,Aggressive,30,45,23,0,1,1,High-Risk Aggressive
808,56-65,Medium,Home Purchase,Aggressive,65,16,0,13,4,2,High-Risk Aggressive
809,65+,Medium-High,Wealth Accumulation,Moderate-Aggressive,2,71,10,15,1,1,Aggressive Growth
810,18-25,Medium-High,Wealth Accumulation,Moderate-Conservative,10,12,8,50,3,17,Conservative Growth
811,65+,Medium-Low,Wealth Accumulation,Moderate-Aggressive,99,0,1,0,0,0,Aggressive Growth
812,18-25,Medium-Low,Home Purchase,Moderate-Conservative,81,3,6,7,2,1,Conservative Growth
813,36-45,Medium,Education,Moderate-Aggressive,12,36,20,20,1,11,Aggressive Growth
814,56-65,Low,Short-term Savings,Aggressive,75,12,8,1,3,1,High-Risk Aggressive
815,56-65,Medium-High,Education,Aggressive,79,12,7,1,0,1,High-Risk Aggressive
816,46-55,Medium-Low,Education,Conservative,89,6,3,1,0,1,Low-Risk Preservation
817,65+,Medium,Home Purchase,Balanced,35,65,0,0,0,0,Balanced Growth
818,18-25,Medium-Low,Education,Moderate-Aggressive,71,12,9,8,0,0,Aggressive Growth
819,18-25,Medium-High,Retirement,Conservative,0,34,4,17,25,20,Low-Risk Preservation
820,26-35,Medium-High,Wealth Accumulation,Balanced,68,23,4,3,1,1,Balanced Growth
821,46-55,High,Retirement,Moderate-Aggressive,94,3,3,0,0,0,Aggressive Growth
822,26-35,Low,Short-term Savings,Moderate-Conservative,41,16,42,0,1,0,Conservative Growth
823,26-35,High,Wealth Accumulation,Balanced,54,43,0,0,0,3,Balanced Growth
824,26-35,Medium,Education,Aggressive,60,24,6,2,5,3,High-Risk Aggressive
825,65+,Medium-Low,Short-term Savings,Conservative,25,16,48,2,5,4,Low-Risk Preservation
826,65+,Medium,Wealth Accumulation,Balanced,9,67,13,10,1,0,Balanced Growth
827,36-45,Medium-High,Education,Balanced,58,16,6,8,8,4,Balanced Growth
828,36-45,High,Retirement,Aggressive,5,39,27,26,2,1,High-Risk Aggressive
829,26-35,High,Wealth Accumulation,Moderate-Aggressive,37,9,14,9,18,13,Aggressive Growth
830,46-55,High,Education,Moderate-Conservative,80,13,5,0,0,2,Conservative Growth
831,18-25,Medium,Retirement,Aggressive,94,6,0,0,0,0,High-Risk Aggressive
832,65+,Medium-High,Short-term Savings,Moderate-Conservative,27,63,7,2,1,0,Conservative Growth
833,46-55,Medium-Low,Short-term Savings,Moderate-Aggressive,40,40,0,6,7,7,Aggressive Growth
834,56-65,Medium-Low,Short-term Savings,Balanced,15,25,14,2,28,16,Balanced Growth
835,65+,Medium,Short-term Savings,Moderate-Conservative,73,8,9,1,4,5,Conservative Growth
836,65+,High,Home Purchase,Conservative,13,62,9,2,6,8,Low-Risk Preservation
837,36-45,Low,Wealth Accumulation,Conservative,11,66,11,7,5,0,Low-Risk Preservation
838,18-25,Medium,Wealth Accumulation,Aggressive,100,0,0,0,0,0,High-Risk Aggressive
839,18-25,Medium,Home Purchase,Moderate-Aggressive,11,3,33,10,34,9,Aggressive Growth
840,56-65,Medium-High,Education,Aggressive,62,3,10,21,0,4,High-Risk Aggressive
841,56-65,Medium-Low,Education,Aggressive,78,22,0,0,0,0,High-Risk Aggressive
842,65+,Medium,Short-term Savings,Aggressive,29,56,5,9,1,0,High-Risk Aggressive
843,26-35,Medium,Retirement,Conservative,81,2,6,1,6,4,Low-Risk Preservation
844,36-45,High,Education,Conservative,96,0,4,0,0,0,Low-Risk Preservation
845,36-45,High,Retirement,Aggressive,22,11,50,16,1,0,High-Risk Aggressive
846,65+,Low,Wealth Accumulation,Conservative,45,15,26,12,1,1,Low-Risk Preservation
847,46-55,Medium-High,Retirement,Moderate-Aggressive,54,9,4,21,0,12,Aggressive Growth
848,26-35,Low,Wealth Accumulation,Aggressive,51,47,1,0,1,0,High-Risk Aggressive
849,65+,High,Home Purchase,Conservative,55,13,10,8,8,6,Low-Risk Preservation
850,26-35,Medium-Low,Home Purchase,Moderate-Conservative,60,33,2,3,2,0,Conservative Growth
851,26-35,High,Short-term Savings,Aggressive,14,36,5,1,26,18,High-Risk Aggressive
852,26-35,Medium-High,Education,Aggressive,42,0,31,23,3,1,High-Risk Aggressive
853,65+,High,Short-term Savings,Moderate-Aggressive,19,81,0,0,0,0,Aggressive Growth
854,36-45,Medium-High,Wealth Accumulation,Balanced,54,7,9,17,6,7,Balanced Growth
855,36-45,Medium-High,Short-term Savings,Balanced,43,19,36,0,0,2,Balanced Growth
856,26-35,Medium-High,Retirement,Moderate-Aggressive,85,15,0,0,0,0,Aggressive Growth
857,46-55,Medium-High,Wealth Accumulation,Moderate-Aggressive,89,8,1,1,1,0,Aggressive Growth
858,18-25,Medium-High,Home Purchase,Moderate-Aggressive,47,21,24,3,1,4,Aggressive Growth
859,65+,Medium-Low,Education,Balanced,6,58,22,14,0,0,Balanced Growth
860,18-25,Low,Wealth Accumulation,Moderate-Aggressive,31,39,26,4,0,0,Aggressive Growth
861,46-55,Medium,Wealth Accumulation,Conservative,72,22,2,1,0,3,Low-Risk Preservation
862,65+,Low,Retirement,Aggressive,13,84,0,0,1,2,High-Risk Aggressive
863,26-35,Medium-High,Education,Aggressive,18,2,65,10,5,0,High-Risk Aggressive
864,36-45,Medium-Low,Home Purchase,Moderate-Conservative,7,78,3,7,2,3,Conservative Growth
865,18-25,High,Wealth Accumulation,Moderate-Conservative,78,9,5,6,0,2,Conservative Growth
866,56-65,Medium-Low,Wealth Accumulation,Aggressive,53,3,16,24,2,2,High-Risk Aggressive
867,56-65,Medium-High,Retirement,Conservative,86,12,1,1,0,0,Low-Risk Preservation
868,46-55,Medium-Low,Short-term Savings,Balanced,13,8,53,3,14,9,Balanced Growth
869,26-35,Medium-Low,Home Purchase,Balanced,46,26,27,0,1,0,Balanced Growth
870,18-25,Medium-High,Education,Conservative,75,7,4,11,1,2,Low-Risk Preservation
871,26-35,Medium-Low,Wealth Accumulation,Balanced,2,1,91,1,2,3,Balanced Growth
872,18-25,Medium,Wealth Accumulation,Moderate-Aggressive,92,6,0,2,0,0,Aggressive Growth
873,46-55,Medium,Home Purchase,Aggressive,46,13,14,8,11,8,High-Risk Aggressive
874,46-55,Medium-Low,Short-term Savings,Aggressive,71,12,10,1,0,6,High-Risk Aggressive
875,56-65,High,Wealth Accumulation,Conservative,84,13,3,0,0,0,Low-Risk Preservation
876,26-35,Medium-High,Home Purchase,Balanced,52,25,4,8,0,11,Balanced Growth
877,65+,Medium,Retirement,Moderate-Conservative,98,2,0,0,0,0,Conservative Growth
878,56-65,High,Short-term Savings,Moderate-Conservative,4,61,15,18,1,1,Conservative Growth
879,26-35,Medium-Low,Education,Balanced,26,64,6,2,1,1,Balanced Growth
880,56-65,High,Wealth Accumulation,Moderate-Conservative,57,38,1,1,2,1,Conservative Growth
881,65+,Low,Home Purchase,Conservative,66,16,10,6,0,2,Low-Risk Preservation
882,36-45,Medium,Retirement,Conservative,46,35,10,9,0,0,Low-Risk Preservation
883,36-45,Medium-Low,Education,Balanced,25,22,51,2,0,0,Balanced Growth
884,36-45,Medium-High,Home Purchase,Moderate-Conservative,71,17,11,0,1,0,Conservative Growth
885,36-45,Medium-Low,Home Purchase,Conservative,12,58,11,6,7,6,Low-Risk Preservation
886,18-25,Medium-High,Education,Conservative,59,9,32,0,0,0,Low-Risk Preservation
887,36-45,Medium-Low,Retirement,Moderate-Aggressive,32,47,17,3,0,1,Aggressive Growth
888,65+,High,Retirement,Moderate-Aggressive,23,0,41,5,29,2,Aggressive Growth
889,46-55,High,Short-term Savings,Conservative,32,60,3,3,1,1,Low-Risk Preservation
890,46-55,High,Wealth Accumulation,Balanced,96,2,0,2,0,0,Balanced Growth
891,18-25,Low,Education,Aggressive,57,25,0,18,0,0,High-Risk Aggressive
892,36-45,Medium-High,Education,Aggressive,55,38,4,2,0,1,High-Risk Aggressive
893,36-45,High,Education,Conservative,62,18,11,5,2,2,Low-Risk Preservation
894,36-45,Low,Retirement,Conservative,27,9,55,1,0,8,Low-Risk Preservation
895,56-65,Medium-High,Wealth Accumulation,Conservative,55,34,2,8,0,1,Low-Risk Preservation
896,26-35,Medium-Low,Short-term Savings,Balanced,4,14,47,28,0,7,Balanced Growth
897,56-65,Low,Home Purchase,Moderate-Aggressive,29,29,8,2,11,21,Aggressive Growth
898,26-35,Medium,Home Purchase,Conservative,53,14,1,15,4,13,Low-Risk Preservation
899,36-45,Low,Education,Conservative,29,32,19,6,13,1,Low-Risk Preservation
900,36-45,Low,Wealth Accumulation,Moderate-Conservative,5,72,5,18,0,0,Conservative Growth
901,56-65,Medium-High,Retirement,Balanced,78,5,8,0,0,9,Balanced Growth
902,56-65,Medium-Low,Wealth Accumulation,Conservative,16,59,0,8,10,7,Low-Risk Preservation
903,26-35,Medium,Wealth Accumulation,Moderate-Conservative,37,28,3,22,8,2,Conservative Growth
904,46-55,High,Retirement,Aggressive,55,37,8,0,0,0,High-Risk Aggressive
905,26-35,High,Education,Conservative,19,15,24,8,22,12,Low-Risk Preservation
906,56-65,Low,Wealth Accumulation,Conservative,18,24,11,28,12,7,Low-Risk Preservation
907,65+,Medium-High,Home Purchase,Moderate-Conservative,59,30,10,0,0,1,Conservative Growth
908,56-65,Medium-High,Retirement,Balanced,15,19,45,17,3,1,Balanced Growth
909,65+,High,Short-term Savings,Conservative,100,0,0,0,0,0,Low-Risk Preservation
910,18-25,Medium,Education,Aggressive,40,2,20,29,0,9,High-Risk Aggressive
911,56-65,Medium-Low,Retirement,Conservative,49,51,0,0,0,0,Low-Risk Preservation
912,18-25,Medium,Short-term Savings,Aggressive,87,11,1,1,0,0,High-Risk Aggressive
913,46-55,Medium-Low,Short-term Savings,Moderate-Aggressive,66,19,8,2,4,1,Aggressive Growth
914,26-35,High,Wealth Accumulation,Moderate-Aggressive,48,45,2,1,1,3,Aggressive Growth
915,65+,Medium-Low,Wealth Accumulation,Aggressive,99,0,1,0,0,0,High-Risk Aggressive
916,26-35,Medium-High,Wealth Accumulation,Balanced,82,7,8,1,0,2,Balanced Growth
917,18-25,Low,Retirement,Conservative,30,24,25,12,1,8,Low-Risk Preservation
918,65+,Low,Retirement,Conservative,11,1,49,33,5,1,Low-Risk Preservation
919,26-35,High,Education,Moderate-Aggressive,27,27,27,10,4,5,Aggressive Growth
920,56-65,Medium-High,Wealth Accumulation,Aggressive,42,15,20,16,5,2,High-Risk Aggressive
921,36-45,Medium,Short-term Savings,Conservative,81,12,7,0,0,0,Low-Risk Preservation
922,18-25,Medium-High,Home Purchase,Conservative,5,93,0,0,2,0,Low-Risk Preservation
923,26-35,Low,Education,Balanced,5,62,15,15,2,1,Balanced Growth
924,18-25,Low,Retirement,Moderate-Conservative,45,29,6,1,1,18,Conservative Growth
925,18-25,Medium-High,Education,Moderate-Aggressive,55,2,37,3,2,1,Aggressive Growth
926,65+,Medium-High,Education,Moderate-Aggressive,43,19,28,10,0,0,Aggressive Growth
927,65+,Low,Education,Moderate-Conservative,15,58,21,6,0,0,Conservative Growth
928,36-45,Medium,Education,Conservative,57,25,0,5,4,9,Low-Risk Preservation
929,56-65,High,Home Purchase,Balanced,10,18,58,12,2,0,Balanced Growth
930,18-25,High,Wealth Accumulation,Balanced,57,41,0,1,0,1,Balanced Growth
931,26-35,Medium-High,Short-term Savings,Moderate-Aggressive,50,6,35,7,0,2,Aggressive Growth
932,46-55,High,Education,Balanced,88,11,1,0,0,0,Balanced Growth
933,18-25,Low,Education,Moderate-Conservative,68,6,26,0,0,0,Conservative Growth
934,18-25,Low,Education,Conservative,27,57,12,2,0,2,Low-Risk Preservation
935,36-45,Medium-High,Wealth Accumulation,Moderate-Conservative,88,10,2,0,0,0,Conservative Growth
936,56-65,Medium-High,Retirement,Aggressive,58,9,17,5,8,3,High-Risk Aggressive
937,46-55,Medium-High,Retirement,Moderate-Aggressive,19,59,19,2,0,1,Aggressive Growth
938,65+,Medium,Home Purchase,Balanced,52,34,14,0,0,0,Balanced Growth
939,65+,High,Retirement,Aggressive,66,27,4,3,0,0,High-Risk Aggressive
940,26-35,Medium-High,Education,Balanced,52,31,15,1,1,0,Balanced Growth
941,46-55,Medium-Low,Education,Conservative,62,6,9,7,13,3,Low-Risk Preservation
942,65+,Medium-Low,Education,Conservative,11,53,27,9,0,0,Low-Risk Preservation
943,26-35,Low,Home Purchase,Conservative,67,19,14,0,0,0,Low-Risk Preservation
944,56-65,High,Education,Balanced,26,69,0,4,1,0,Balanced Growth
945,26-35,Medium-High,Retirement,Aggressive,13,65,4,15,0,3,High-Risk Aggressive
946,65+,Medium-Low,Wealth Accumulation,Conservative,54,43,3,0,0,0,Low-Risk Preservation
947,36-45,High,Wealth Accumulation,Aggressive,27,12,16,10,20,15,High-Risk Aggressive
948,36-45,Low,Short-term Savings,Balanced,32,18,0,2,31,17,Balanced Growth
949,36-45,Medium,Retirement,Aggressive,11,51,27,4,5,2,High-Risk Aggressive
950,65+,High,Education,Balanced,61,28,1,5,5,0,Balanced Growth
951,36-45,High,Wealth Accumulation,Balanced,95,3,2,0,0,0,Balanced Growth
952,46-55,Medium,Retirement,Moderate-Aggressive,93,3,4,0,0,0,Aggressive Growth
953,56-65,High,Wealth Accumulation,Balanced,73,0,24,1,0,2,Balanced Growth
954,26-35,Low,Education,Balanced,35,34,8,14,6,3,Balanced Growth
955,26-35,Low,Wealth Accumulation,Moderate-Conservative,26,59,0,15,0,0,Conservative Growth
956,65+,Medium,Short-term Savings,Conservative,71,22,6,1,0,0,Low-Risk Preservation
957,36-45,Medium-High,Short-term Savings,Moderate-Aggressive,56,37,2,1,3,1,Aggressive Growth
958,36-45,Medium-Low,Wealth Accumulation,Moderate-Aggressive,82,4,5,0,0,9,Aggressive Growth
959,18-25,Medium-High,Retirement,Moderate-Aggressive,57,1,27,3,7,5,Aggressive Growth
960,56-65,High,Retirement,Moderate-Conservative,31,42,21,3,3,0,Conservative Growth
961,46-55,Medium-Low,Retirement,Balanced,63,34,0,3,0,0,Balanced Growth
962,26-35,Medium,Wealth Accumulation,Conservative,43,31,8,3,15,0,Low-Risk Preservation
963,18-25,Medium,Retirement,Aggressive,29,36,16,6,0,13,High-Risk Aggressive
964,18-25,Medium-Low,Education,Balanced,62,35,0,3,0,0,Balanced Growth
965,65+,Low,Short-term Savings,Moderate-Conservative,32,5,6,41,10,6,Conservative Growth
966,26-35,Medium-Low,Education,Balanced,96,3,1,0,0,0,Balanced Growth
967,65+,High,Retirement,Balanced,100,0,0,0,0,0,Balanced Growth
968,46-55,Low,Education,Moderate-Conservative,95,0,0,5,0,0,Conservative Growth
969,18-25,Medium,Retirement,Moderate-Aggressive,44,13,24,18,0,1,Aggressive Growth
970,18-25,Medium-Low,Wealth Accumulation,Moderate-Aggressive,69,18,7,6,0,0,Aggressive Growth
971,56-65,Medium-High,Education,Conservative,56,37,0,2,5,0,Low-Risk Preservation
972,46-55,Medium-High,Wealth Accumulation,Conservative,30,59,9,2,0,0,Low-Risk Preservation
973,18-25,High,Wealth Accumulation,Moderate-Aggressive,64,3,20,8,5,0,Aggressive Growth
974,46-55,Medium-High,Home Purchase,Aggressive,60,6,29,0,1,4,High-Risk Aggressive
975,26-35,Medium-Low,Retirement,Balanced,18,25,27,19,6,5,Balanced Growth
976,36-45,Medium-Low,Short-term Savings,Aggressive,97,2,0,1,0,0,High-Risk Aggressive
977,18-25,Medium-High,Retirement,Balanced,89,4,2,1,1,3,Balanced Growth
978,56-65,Medium-Low,Short-term Savings,Moderate-Aggressive,100,0,0,0,0,0,Aggressive Growth
979,26-35,High,Retirement,Conservative,49,30,1,16,4,0,Low-Risk Preservation
980,46-55,Low,Wealth Accumulation,Conservative,57,18,15,1,2,7,Low-Risk Preservation
981,65+,High,Education,Aggressive,10,8,65,16,0,1,High-Risk Aggressive
982,26-35,High,Education,Conservative,4,25,29,26,8,8,Low-Risk Preservation
983,18-25,Medium-Low,Home Purchase,Moderate-Aggressive,12,61,21,0,1,5,Aggressive Growth
984,46-55,Low,Short-term Savings,Aggressive,7,69,8,6,9,1,High-Risk Aggressive
985,36-45,Medium-Low,Short-term Savings,Balanced,35,1,36,16,3,9,Balanced Growth
986,26-35,Medium,Short-term Savings,Conservative,29,41,26,1,3,0,Low-Risk Preservation
987,18-25,Medium-Low,Wealth Accumulation,Moderate-Conservative,91,3,2,3,0,1,Conservative Growth
988,56-65,Medium-Low,Short-term Savings,Conservative,78,20,0,1,0,1,Low-Risk Preservation
989,65+,Medium-Low,Education,Balanced,21,46,26,7,0,0,Balanced Growth
990,46-55,Low,Wealth Accumulation,Aggressive,80,17,1,2,0,0,High-Risk Aggressive
991,26-35,Medium-Low,Retirement,Balanced,81,10,4,4,1,0,Balanced Growth
992,26-35,Low,Short-term Savings,Moderate-Conservative,60,7,32,0,1,0,Conservative Growth
993,36-45,Medium-High,Short-term Savings,Moderate-Aggressive,40,36,10,13,1,0,Aggressive Growth
994,36-45,Medium,Retirement,Conservative,45,15,21,16,3,0,Low-Risk Preservation
995,56-65,Low,Short-term Savings,Aggressive,58,36,1,4,0,1,High-Risk Aggressive
996,65+,Medium-High,Retirement,Moderate-Aggressive,61,21,13,2,1,2,Aggressive Growth
997,56-65,Low,Wealth Accumulation,Balanced,74,23,0,2,0,1,Balanced Growth
998,18-25,Low,Education,Aggressive,47,39,7,6,1,0,High-Risk Aggressive
999,18-25,Medium,Retirement,Moderate-Aggressive,0,26,39,25,5,5,Aggressive Growth
1000,56-65,High,Home Purchase,Aggressive,45,52,2,1,0,0,High-Risk Aggressive
